Sl. No.,School code,School name,School type,Level Name,Category,Sub District,Name Of HM,Number Of HM,Name Of SITC/PSITC,Number Of SITC/PSITC
1,16007,GHSS CHORODE ,Government,8 - 12,"HS, HSS",Chombala,,,,
2,16011,G V H S S Madapally ,Government,1 - 12,"LP, UP, HS, HSS",Chombala,,,,
3,16012,GOVT HIGHER SECONDARY SCHOOLMADAPPALLI ,Government,5 - 12,"UP, HS, HSS",Chombala,,,,
4,16013,GHSS AZHIYOOR ,Government,5 - 10,"UP, HS",Chombala,,,,
5,16038,KKM GVHSS ORKKATTERI ,Government,8 - 12,"HS, HSS",Chombala,,,,
6,16085,Govt. Model Residential School Kozhikode ,Government,5 - 10,"UP, HS",Chombala,,,,
7,16204,GLPS MUTTUNGAL ,Government,1 - 4,LP,Chombala,,,,
8,16211,GJBS AZHIYOOR ,Government,1 - 4,LP,Chombala,,,,
9,16212,GMJBS AZHIYOOR ,Government,1 - 4,LP,Chombala,,,,
10,16215,GMJBS ONCHIYAM ,Government,1 - 4,LP,Chombala,,,,
11,16221,GFLPS MADAKKARA ,Government,1 - 4,LP,Chombala,,,,
12,16243,GFLPS MADAPPALLI ,Government,1 - 5,"LP, UP",Chombala,,,,
13,16265,GUPS ONCHIYAM ,Government,5 -7,UP,Chombala,,,,
14,16032,KADATHANAD RAJAS HS PURAMERI ,Aided,5 - 12,"UP, HS, HSS",Chombala,,,,
15,16201,MUTTUNGAL LPS ,Aided,1 - 4,LP,Chombala,,,,
16,16202,MUTTUNGAL VD LPS ,Aided,1 - 4,LP,Chombala,,,,
17,16203,VAIKKILASSERI MLPS ,Aided,1 - 4,LP,Chombala,,,,
18,16205,VARISSIAKKUNI MLPS ,Aided,1 - 4,LP,Chombala,,,,
19,16206,KARAKKAD LPS ,Aided,1 - 4,LP,Chombala,,,,
20,16207,SREE NARAYANA LPS CHOMBALA ,Aided,1 - 4,LP,Chombala,,,,
21,16209,ANJAMPEEDIKA MLPS AZHIYOOR ,Aided,1 - 4,LP,Chombala,,,,
22,16210,CHOMBALA NORTH LPS ,Aided,1 - 4,LP,Chombala,,,,
23,16213,CHOMBALA MLPS ,Aided,1 - 4,LP,Chombala,,,,
24,16214,CHALIL KANNOKKARA LPS ,Aided,1 - 4,LP,Chombala,,,,
25,16216,KARAKKAD M L P S ,Aided,1 - 4,LP,Chombala,,,,
26,16217,URALUNGAL LPS ,Aided,1 - 4,LP,Chombala,,,,
27,16218,ONCHIYAM DHARMA LPS ,Aided,1 - 4,LP,Chombala,,,,
28,16219,KANNOOKKARA LPS ,Aided,1 - 4,LP,Chombala,,,,
29,16220,URALUNGAL GNANODAYAM LPS ,Aided,1 - 4,LP,Chombala,,,,
30,16222,KARAKKAD A V S L P S ,Aided,1 - 4,LP,Chombala,,,,
31,16223,PURAMERI KVLPS ,Aided,1 - 4,LP,Chombala,,,,
32,16224,VILATHAPURAM MLPS ,Aided,1 - 4,LP,Chombala,,,,
33,16225,KUNINGAD MLPS ,Aided,1 - 4,LP,Chombala,,,,
34,16226,VILATHAPURAM LPS ,Aided,1 - 4,LP,Chombala,,,,
35,16227,PURAMERI VVLPS ,Aided,1 - 4,LP,Chombala,,,,
36,16228,PURAMERI SVLPS ,Aided,1 - 4,LP,Chombala,,,,
37,16229,MUTHUVADATHUR MLPS ,Aided,1 - 4,LP,Chombala,,,,
38,16230,PUTHIYANGADI MLPS ,Aided,1 - 4,LP,Chombala,,,,
39,16231,EDACHERI MLPS ,Aided,1 - 4,LP,Chombala,,,,
40,16232,EDACHERI CENTRAL LPS ,Aided,1 - 4,LP,Chombala,,,,
41,16233,THURUTHI LPS ,Aided,1 - 4,LP,Chombala,,,,
42,16234,NELLACHERI LPS ,Aided,1 - 4,LP,Chombala,,,,
43,16235,ERAMALA CENTRAL LPS ,Aided,1 - 4,LP,Chombala,,,,
44,16236,MARANKANDY MLPS ,Aided,1 - 4,LP,Chombala,,,,
45,16237,KUNNUMMAKKARA MLPS ,Aided,1 - 4,LP,Chombala,,,,
46,16238,AZHIYOOR CENTRAL LPS ,Aided,1 - 5,"LP, UP",Chombala,,,,
47,16239,CHOMBALA LPS ,Aided,1 - 5,"LP, UP",Chombala,,,,
48,16240,ONCHIYAM LPS ,Aided,1 - 5,"LP, UP",Chombala,,,,
49,16241,VELLIKKULANGARA LPS ,Aided,1 - 5,"LP, UP",Chombala,,,,
50,16242,URALUNGAL VIDYAVILASAM LPS ,Aided,1 - 5,"LP, UP",Chombala,,,,
51,16244,KUNINGAD LPS ,Aided,1 - 5,"LP, UP",Chombala,,,,
52,16245,PURAMERI LPS ,Aided,1 - 5,"LP, UP",Chombala,,,,
53,16246,MUTHUVADATHUR VVLPS ,Aided,1 - 5,"LP, UP",Chombala,,,,
54,16247,ORKKATTERI LPS ,Aided,1 - 5,"LP, UP",Chombala,,,,
55,16248,THATTOLIKKARA EAST LPS ,Aided,1 - 5,"LP, UP",Chombala,,,,
56,16249,KUNNUMMAKKARA LPS ,Aided,1 - 5,"LP, UP",Chombala,,,,
57,16250,ATHIYOOR LPS ,Aided,1 - 5,"LP, UP",Chombala,,,,
58,16251,KURIKKILAD UPS ,Aided,1 - 7,"LP, UP",Chombala,,,,
59,16252,VARISSIAKKUNI UPS ,Aided,1 - 7,"LP, UP",Chombala,,,,
60,16253,MUTTUNGAL SOUTH UPS ,Aided,1 - 7,"LP, UP",Chombala,,,,
61,16254,VAIKKILASSERY UPS ,Aided,1 - 7,"LP, UP",Chombala,,,,
62,16255,AZHIYOOR EAST UPS ,Aided,1 - 7,"LP, UP",Chombala,,,,
63,16256,BEMUPS CHOMBALA ,Aided,1 - 7,"LP, UP",Chombala,,,,
64,16257,KALLAMALA UPS ,Aided,1 - 7,"LP, UP",Chombala,,,,
65,16258,PANADEMMAL MUPS ,Aided,1 - 7,"LP, UP",Chombala,,,,
66,16259,NARIKKUNNU UPS ,Aided,1 - 7,"LP, UP",Chombala,,,,
67,16260,EDACHERI NORTH UPS ,Aided,1 - 7,"LP, UP",Chombala,,,,
68,16261,ERAMALA UPS ,Aided,1 - 7,"LP, UP",Chombala,,,,
69,16262,ORKKATTERI NORTH UPS ,Aided,1 - 7,"LP, UP",Chombala,,,,
70,16263,P.K Memorial U.P.S. ,Aided,1 - 7,"LP, UP",Chombala,,,,
71,16264,THATTOLIKKARA UPS ,Aided,1 - 7,"LP, UP",Chombala,,,,
72,16266,MUTHUVADATHUR MUPS ,Aided,5 -7,UP,Chombala,,,,
73,99933,Sampoorna Test School Vatakara ,Aided,5 - 10,"UP, HS",Chombala,,,,
74,16268,Right Choice School ,Unaided Recognised,1 - 4,LP,Chombala,,,,
75,16269,M M ORPHANAGE ENGLISH MEDIUMSCHOOL ,Unaided Recognised,1 - 7,"LP, UP",Chombala,,,,
76,16270,BLOSSOMS ENGLISH SCHOOL ,Unaided Recognised,1 - 4,LP,Chombala,,,,
77,16274,Buds Special School forMentally Retarded Eramala ,Unaided Recognised,5 - 10,"UP, HS",Chombala,,,,
78,16275,Buds Special School ForMentally Retarded Onchiyam ,Unaided Recognised,5 - 10,"UP, HS",Chombala,,,,
79,16276,Buds Special School ForMentally Retarded Chorode ,Unaided Recognised,5 - 10,"UP, HS",Chombala,,,,
80,16045,GRFTHS KOYILANDY ,Government,8 - 10,HS,Koyilandi,,,,
81,16046,G V H S S KOYILANDY ,Government,5 - 12,"UP, HS, HSS",Koyilandi,,,,
82,16047,G H S S Panthalayani Koyilandy ,Government,5 - 12,"UP, HS, HSS",Koyilandi,,,,
83,16048,G M V H S S KOYILANDY ,Government,1 - 12,"LP, UP, HS, HSS",Koyilandi,,,,
84,16057,GVHSS ATHOLI ,Government,5 - 12,"UP, HS, HSS",Koyilandi,,,,
85,16301,GLPS ATHOLI ,Government,1 - 4,LP,Koyilandi,,,,
86,16302,GLPS EZHUKUDIKKAL. ,Government,1 - 4,LP,Koyilandi,,,,
87,16303,GMLPS KOLLAM. ,Government,1 - 4,LP,Koyilandi,,,,
88,16304,GLPS KOTHAMANGALAM ,Government,1 - 4,LP,Koyilandi,,,,
89,16305,GLPS KAKKANCHERY.. ,Government,1 - 4,LP,Koyilandi,,,,
90,16306,GFLPS KANNANKADAVE ,Government,1 - 4,LP,Koyilandi,,,,
91,16307,GWLPS KOLAKKAD ,Government,1 - 4,LP,Koyilandi,,,,
92,16308,GLPS MARUTHUR ,Government,1 - 4,LP,Koyilandi,,,,
93,16309,GLPS MATAKKARA ,Government,1 - 4,LP,Koyilandi,,,,
94,16310,GMLPS PANTHALAYANI ,Government,1 - 4,LP,Koyilandi,,,,
95,16311,GLPS PUTHENCHERY ,Government,1 - 4,LP,Koyilandi,,,,
96,16312,GLPS THIRUVANGOOR WEST ,Government,1 - 4,LP,Koyilandi,,,,
97,16337,GUPS ANTHATTA . ,Government,1 - 7,"LP, UP",Koyilandi,,,,
98,16338,GMUPS KAPPAD ,Government,1 - 7,"LP, UP",Koyilandi,,,,
99,16339,GUPS KANNUR ,Government,1 - 7,"LP, UP",Koyilandi,,,,
100,16340,GFUPS KORAPUZHA ,Government,1 - 7,"LP, UP",Koyilandi,,,,
101,16341,G M U P S VELUR. ,Government,1 - 7,"LP, UP",Koyilandi,,,,
102,16342,GFUPS KOYILANDY. ,Government,1 - 7,"LP, UP",Koyilandi,,,,
103,16343,GUPS OLLUR ,Government,1 - 7,"LP, UP",Koyilandi,,,,
104,16364,GUPS KAKKANCHERY ,Government,5 -7,UP,Koyilandi,,,,
105,16036,KPMSM H S S ARIKKULAM ,Aided,8 - 12,"HS, HSS",Koyilandi,,,,
106,16052,POILKAVE HS ,Aided,8 - 12,"HS, HSS",Koyilandi,,,,
107,16054,THIRUVANGOOR H S S ,Aided,1 - 12,"LP, UP, HS, HSS",Koyilandi,,,,
108,16313,ARIKKULAM LPS ,Aided,1 - 4,LP,Koyilandi,,,,
109,16314,CHENIYERI MLPS ,Aided,1 - 4,LP,Koyilandi,,,,
110,16315,EDAKKULAM VIDYA THARANGINI LPS ,Aided,1 - 4,LP,Koyilandi,,,,
111,16316,ELATTERI ALPS ,Aided,1 - 4,LP,Koyilandi,,,,
112,16317,KARAYAD EAST LPS ,Aided,1 - 4,LP,Koyilandi,,,,
113,16318,KARAYAD A L P S ,Aided,1 - 4,LP,Koyilandi,,,,
114,16319,KOLAKKAD MIXED ALPS ,Aided,1 - 4,LP,Koyilandi,,,,
115,16320,KOLLAM LPS ,Aided,1 - 4,LP,Koyilandi,,,,
116,16321,KOTHAMANGALAM SOUTH LPS ,Aided,1 - 4,LP,Koyilandi,,,,
117,16322,KOLATHUR KVLPS ,Aided,1 - 4,LP,Koyilandi,,,,
118,16323,KONGANNUR ALPS ,Aided,1 - 4,LP,Koyilandi,,,,
119,16324,KUNNATHARA MLPS ,Aided,1 - 4,LP,Koyilandi,,,,
120,16325,MELUR ALPS ,Aided,1 - 4,LP,Koyilandi,,,,
121,16326,PERUVATTUR ALPS ,Aided,1 - 4,LP,Koyilandi,,,,
122,16327,PULIYANCHERY SOUTH LPS ,Aided,1 - 4,LP,Koyilandi,,,,
123,16328,THUVAKKODE ALPS ,Aided,1 - 4,LP,Koyilandi,,,,
124,16329,THORAYI ALPS ,Aided,1 - 4,LP,Koyilandi,,,,
125,16330,THORAYI MLPS ,Aided,1 - 4,LP,Koyilandi,,,,
126,16331,UTTERY ALPS ,Aided,1 - 4,LP,Koyilandi,,,,
127,16332,VAKAMOLI ALPS ,Aided,1 - 4,LP,Koyilandi,,,,
128,16333,VIYYUR ALPS ,Aided,1 - 4,LP,Koyilandi,,,,
129,16334,VELUR WEST ALPS ,Aided,1 - 4,LP,Koyilandi,,,,
130,16335,KAKKANCHERY ALPS ,Aided,1 - 5,"LP, UP",Koyilandi,,,,
131,16336,KARAYAD MLPS ,Aided,1 - 5,"LP, UP",Koyilandi,,,,
132,16344,ARIKKULAM UPS ,Aided,1 - 7,"LP, UP",Koyilandi,,,,
133,16345,CHEMANCHERY UPS ,Aided,1 - 7,"LP, UP",Koyilandi,,,,
134,16346,CHEMANCHERY EAST UPS ,Aided,1 - 7,"LP, UP",Koyilandi,,,,
135,16347,CHEMANCHERY KOLAKKAD UPS ,Aided,1 - 7,"LP, UP",Koyilandi,,,,
136,16348,CHENGOTTUKAVE EAST UPS ,Aided,1 - 7,"LP, UP",Koyilandi,,,,
137,16349,CHELIYA UPS ,Aided,1 - 7,"LP, UP",Koyilandi,,,,
138,16350,KOLLAM UPS ,Aided,1 - 7,"LP, UP",Koyilandi,,,,
139,16351,KURUVANGAD SOUTH UPS ,Aided,1 - 7,"LP, UP",Koyilandi,,,,
140,16352,KURUVANGAD CENTRAL U P School ,Aided,1 - 7,"LP, UP",Koyilandi,,,,
141,16353,KAVUMVATTAM MUPS ,Aided,1 - 7,"LP, UP",Koyilandi,,,,
142,16354,KAVUMVATTAM UPS ,Aided,1 - 7,"LP, UP",Koyilandi,,,,
143,16355,K.K.KIDAVE MEMORIAL UPS. ,Aided,1 - 7,"LP, UP",Koyilandi,,,,
144,16356,EDAKKARA KOLAKKAD UPS ,Aided,1 - 7,"LP, UP",Koyilandi,,,,
145,16357,MODAKKALLUR UPS. ,Aided,1 - 7,"LP, UP",Koyilandi,,,,
146,16358,B E M U P School Koyilandy ,Aided,1 - 7,"LP, UP",Koyilandi,,,,
147,16359,POILKAVE UPS. ,Aided,1 - 7,"LP, UP",Koyilandi,,,,
148,16360,PULIYANCHERY U P S ,Aided,1 - 7,"LP, UP",Koyilandi,,,,
149,16361,THIRUVANGOOR UPS ,Aided,1 - 7,"LP, UP",Koyilandi,,,,
150,16362,URALLOOR MUPS ,Aided,1 - 7,"LP, UP",Koyilandi,,,,
151,16363,VENGALAM UPS ,Aided,1 - 7,"LP, UP",Koyilandi,,,,
152,16365,KARAYAD UPS ,Aided,5 -7,UP,Koyilandi,,,,
153,16053,ILAHIYA HSS KAPPAD ,Unaided Recognised,1 - 12,"LP, UP, HS, HSS",Koyilandi,,,,
154,16081,I C S SECONDARY SCHOOLKOYILANDY ,Unaided Recognised,1 -10,"LP, UP, HS",Koyilandi,,,,
155,16367,"ILAHIYA ENGLISH SCHOOL, ATHOLI ",Unaided Recognised,1 - 7,"LP, UP",Koyilandi,,,,
156,16368,"ILAHIYA ENGLISH MEDIUM SCHOOL,KOYILANDY ",Unaided Recognised,1 - 4,LP,Koyilandi,,,,
157,16369,"MSS PUBLIC SCHOOL, VENGALAM ",Unaided Recognised,1 - 7,"LP, UP",Koyilandi,,,,
158,16370,Sreeramananda School ,Unaided Recognised,1 - 4,LP,Koyilandi,,,,
159,16375,Nest Special School Koyilandy ,Unaided Recognised,1 -10,"LP, UP, HS",Koyilandi,,,,
160,10303,"Dr. B R Ambedkar Govt.Model Residential School ,Girls ",Government,5 - 10,"UP, HS",Kunnummal,,,,
161,16068,GHSS KUTTYADI ,Government,8 - 12,"HS, HSS",Kunnummal,,,,
162,16083,G H S KAVILAMPARA ,Government,1 -10,"LP, UP, HS",Kunnummal,,,,
163,16405,GLPS KARANDOT ,Government,1 - 4,LP,Kunnummal,,,,
164,16407,GLPS CHEEKKONNUMMAL ,Government,1 - 4,LP,Kunnummal,,,,
165,16409,GLPS THINOOR ,Government,1 - 4,LP,Kunnummal,,,,
166,16412,GLPS KUMBALACHOLA ,Government,1 - 4,LP,Kunnummal,,,,
167,16413,GSTS THINOOR ,Government,1 - 4,LP,Kunnummal,,,,
168,16415,GLPS KOODALIL ,Government,1 - 4,LP,Kunnummal,,,,
169,16420,GLPS MARUTHONKARA ,Government,1 - 4,LP,Kunnummal,,,,
170,16421,GLPS KOTHODE ,Government,1 - 4,LP,Kunnummal,,,,
171,16422,GLPS MOILATHARA ,Government,1 - 4,LP,Kunnummal,,,,
172,16423,GLPS MANNUR ,Government,1 - 4,LP,Kunnummal,,,,
173,16426,GLPS KURICHAKAM ,Government,1 - 4,LP,Kunnummal,,,,
174,16427,GLPS ARAMBOL ,Government,1 - 4,LP,Kunnummal,,,,
175,16433,GLPS CHERAPURAM ,Government,1 - 4,LP,Kunnummal,,,,
176,16447,GLPS VADAKKUMPAD ,Government,1 - 4,LP,Kunnummal,,,,
177,16448,GHWLPS CHANGAROTH ,Government,1 - 4,LP,Kunnummal,,,,
178,16449,GLPS KUNNASSERI ,Government,1 - 4,LP,Kunnummal,,,,
179,16451,GLPS CHERIYAKUMBALAM ,Government,1 - 4,LP,Kunnummal,,,,
180,16465,GUPS KUNDUTHODE ,Government,1 - 7,"LP, UP",Kunnummal,,,,
181,16469,Othayoth Chikkini MemorialGovernment U P SchoolCherukunnu ,Government,1 - 7,"LP, UP",Kunnummal,,,,
182,16470,GUPS VATTOLI ,Government,1 - 7,"LP, UP",Kunnummal,,,,
183,16478,MGLC Pasukkadav ,Government,1 - 4,LP,Kunnummal,,,,
184,16061,NATIONAL HSS VATTOLI ,Aided,5 - 12,"UP, HS, HSS",Kunnummal,,,,
185,16062,KPES HIGH SCHOOL KAYAKKODY ,Aided,8 - 12,"HS, HSS",Kunnummal,,,,
186,16063,SANSKRIT H S VATTOLI ,Aided,5 - 10,"UP, HS",Kunnummal,,,,
187,16064,RNMHS NARIPATTA ,Aided,8 - 12,"HS, HSS",Kunnummal,,,,
188,16065,ST. MARY`S HS MARUTHONKARA ,Aided,5 - 12,"UP, HS, HSS",Kunnummal,,,,
189,16066,HOLY FAMILY HSS PADATHUKADAVU ,Aided,8 - 10,HS,Kunnummal,,,,
190,16067,PT CHACKO M HS KUNDUTHODE ,Aided,8 - 10,HS,Kunnummal,,,,
191,16069,Vadakkumpad H S ,Aided,5 - 12,"UP, HS, HSS",Kunnummal,,,,
192,16073,VELOM H S CHERAPURAM ,Aided,8 - 12,"HS, HSS",Kunnummal,,,,
193,16076,A.J.J.M. HS CHATHANKOTTU NADA ,Aided,5 - 12,"UP, HS, HSS",Kunnummal,,,,
194,16401,LPS PATTERKULANGARA ,Aided,1 - 4,LP,Kunnummal,,,,
195,16402,LVLPS AKKAL ,Aided,1 - 4,LP,Kunnummal,,,,
196,16403,LPS KOVAKKUNNU ,Aided,1 - 4,LP,Kunnummal,,,,
197,16404,LPS NEDUMANNUR ,Aided,1 - 4,LP,Kunnummal,,,,
198,16406,L P S THALEEKARA ,Aided,1 - 4,LP,Kunnummal,,,,
199,16408,LPS CHEEKKONNU WEST ,Aided,1 - 4,LP,Kunnummal,,,,
200,16410,MLPS NARIPPATTA ,Aided,1 - 4,LP,Kunnummal,,,,
201,16411,MLPS CHEEKKONNU ,Aided,1 - 4,LP,Kunnummal,,,,
202,16414,LPS NARIPATTA SOUTH ,Aided,1 - 4,LP,Kunnummal,,,,
203,16416,ST MARYS LPS KARINGAD ,Aided,1 - 4,LP,Kunnummal,,,,
204,16417,ST. JOSEPHS LPS POOTHAMPARA ,Aided,1 - 4,LP,Kunnummal,,,,
205,16418,MLPS ADUKKATH ,Aided,1 - 4,LP,Kunnummal,,,,
206,16419,LPS KALLAT ,Aided,1 - 4,LP,Kunnummal,,,,
207,16424,ST MARYS LPS MARUTHONKARA ,Aided,1 - 4,LP,Kunnummal,,,,
208,16425,LPS ADUKKATH ,Aided,1 - 4,LP,Kunnummal,,,,
209,16428,MLPS CHERAPURAM NORTH ,Aided,1 - 4,LP,Kunnummal,,,,
210,16429,MLPS CHERAPURAM EAST ,Aided,1 - 4,LP,Kunnummal,,,,
211,16430,LPS VELOM SOUTH ,Aided,1 - 4,LP,Kunnummal,,,,
212,16431,MDLPS VELOM ,Aided,1 - 4,LP,Kunnummal,,,,
213,16432,CHERAPURAM NEW LP ,Aided,1 - 4,LP,Kunnummal,,,,
214,16434,MLPS CHERAPURAM SOUTH ,Aided,1 - 4,LP,Kunnummal,,,,
215,16435,LPS VATTOLI ,Aided,1 - 4,LP,Kunnummal,,,,
216,16436,MLPS KUNNUMMAL ,Aided,1 - 4,LP,Kunnummal,,,,
217,16437,LPS PARAYIL ,Aided,1 - 4,LP,Kunnummal,,,,
218,16438,LVLPS KUNNUMMAL ,Aided,1 - 4,LP,Kunnummal,,,,
219,16439,LPS MOKERI ,Aided,1 - 4,LP,Kunnummal,,,,
220,16440,KUNNUMMAL SOUTH MLP ,Aided,1 - 4,LP,Kunnummal,,,,
221,16441,LPS URATH ,Aided,1 - 4,LP,Kunnummal,,,,
222,16442,LPS NITTOOR ,Aided,1 - 4,LP,Kunnummal,,,,
223,16443,MLPS NITTOOR ,Aided,1 - 4,LP,Kunnummal,,,,
224,16444,LPS VATAYAM SOUTH ,Aided,1 - 4,LP,Kunnummal,,,,
225,16445,LPS VATAYAM NORTH ,Aided,1 - 4,LP,Kunnummal,,,,
226,16446,LPS KANNATTY ,Aided,1 - 4,LP,Kunnummal,,,,
227,16450,MLPS PALLERI ,Aided,1 - 4,LP,Kunnummal,,,,
228,16452,LPS AVADUKKA ,Aided,1 - 4,LP,Kunnummal,,,,
229,16453,LPS PALERI ,Aided,1 - 4,LP,Kunnummal,,,,
230,16454,LPS KADIYANGAD ,Aided,1 - 4,LP,Kunnummal,,,,
231,16455,MLPS ALAKKAD ,Aided,1 - 5,"LP, UP",Kunnummal,,,,
232,16456,LPS DEVARKOVIL WEST ,Aided,1 - 5,"LP, UP",Kunnummal,,,,
233,16457,LPS NARIPPATTA NORTH ,Aided,1 - 5,"LP, UP",Kunnummal,,,,
234,16458,ST THOMAS LPS ANAKKULAM ,Aided,1 - 5,"LP, UP",Kunnummal,,,,
235,16459,MLPS CHEEKKUNNU EAST ,Aided,1 - 5,"LP, UP",Kunnummal,,,,
236,16460,UPS CHANGARAMKULAM ,Aided,1 - 7,"LP, UP",Kunnummal,,,,
237,16461,AMUPS KAYAKKODI ,Aided,1 - 7,"LP, UP",Kunnummal,,,,
238,16462,"K V K M M U PSchool,Deverkovil ",Aided,1 - 7,"LP, UP",Kunnummal,,,,
239,16463,UPS NARIPPATTA ,Aided,1 - 7,"LP, UP",Kunnummal,,,,
240,16464,U P S CHEEKKONNU ,Aided,1 - 7,"LP, UP",Kunnummal,,,,
241,16467,LFUPS PASSUKADAVU ,Aided,1 - 7,"LP, UP",Kunnummal,,,,
242,16468,UPS CHERAPURAM ,Aided,1 - 7,"LP, UP",Kunnummal,,,,
243,16471,UPS PATHIRAPPATTA ,Aided,1 - 7,"LP, UP",Kunnummal,,,,
244,16472,MIUPS KUTTIADI ,Aided,1 - 7,"LP, UP",Kunnummal,,,,
245,16473,UPS NADUPOYIL ,Aided,1 - 7,"LP, UP",Kunnummal,,,,
246,16474,HFUPS CHANGAROTH ,Aided,1 - 7,"LP, UP",Kunnummal,,,,
247,16475,MUPS CHANGAROTH ,Aided,1 - 7,"LP, UP",Kunnummal,,,,
248,16476,MAMUPS ADUKKATH ,Aided,5 -7,UP,Kunnummal,,,,
249,10302,Hi-Tech HSS Vattoli ,Unaided Recognised,11 - 12,HSS,Kunnummal,,,,
250,16480,"NATIONAL ENGLISH MEDIUMSCHOOL, VATTOLI ",Unaided Recognised,1 - 4,LP,Kunnummal,,,,
251,16014,G.V.H.S.S MEPPAYUR ,Government,5 - 12,"UP, HS, HSS",Melady,,,,
252,16016,G.H.S S AVALA KUTTOTH ,Government,8 - 12,"HS, HSS",Melady,,,,
253,16055,G.V.H.S.S PAYYOLI ,Government,8 - 12,"HS, HSS",Melady,,,,
254,16082,GHS VANMUGHAM ,Government,1 -10,"LP, UP, HS",Melady,,,,
255,16084,G.H.S CHERUVANNUR ,Government,5 - 10,"UP, HS",Melady,,,,
256,16502,TECHNICAL HS PAYYOLI ,Government,8 - 10,HS,Melady,,,,
257,16524,MUKAPPUR G.L.P SCHOOL ,Government,1 - 4,LP,Melady,,,,
258,16541,PURAKKAL PARAKKAD G.L.P SCHOOL ,Government,1 - 4,LP,Melady,,,,
259,16543,THRIKKOTUR WEST G.L.P SCHOOL ,Government,1 - 4,LP,Melady,,,,
260,16545,THURAYUR G.W.L.P SCHOOL ,Government,1 - 4,LP,Melady,,,,
261,16550,VILAYATTUR G.L.P.SCHOOL ,Government,1 - 4,LP,Melady,,,,
262,16552,MELADI G.F.L.P SCHOOL ,Government,1 - 5,"LP, UP",Melady,,,,
263,16557,G.U.P SCHOOL KIZHUR ,Government,1 - 7,"LP, UP",Melady,,,,
264,16569,S.N.B.M G.U.P SCHOOL MELADY ,Government,1 - 7,"LP, UP",Melady,,,,
265,16574,G.U.P.S CHERUVANNOOR ,Government,5 -7,UP,Melady,,,,
266,16575,G.U.P SCHOOL THURAYUR ,Government,5 -7,UP,Melady,,,,
267,16577,GOVT. MLP SCHOOL AVALA ,Government,1 - 4,LP,Melady,,,,
268,16578,GOVT WELFARE LP SCHOOL AYANIKKAD ,Government,1 - 4,LP,Melady,,,,
269,16051,S.V.A.H.S NADUVATHUR ,Aided,8 - 12,"HS, HSS",Melady,,,,
270,16071,C.K.G.M.H.S CHINGAPURAM ,Aided,1 - 12,"LP, UP, HS, HSS",Melady,,,,
271,16074,B.T.M.H.S THURAYUR ,Aided,8 - 12,"HS, HSS",Melady,,,,
272,16503,AYANIKKAD A.L.P SCHOOL ,Aided,1 - 4,LP,Melady,,,,
273,16504,AYANIKKAD M.L.P SCHOOL ,Aided,1 - 4,LP,Melady,,,,
274,16505,CHANGARAM VELLY M.L.P SCHOOL ,Aided,1 - 4,LP,Melady,,,,
275,16506,CHAVATTA.M.L.P SCHOOL ,Aided,1 - 4,LP,Melady,,,,
276,16507,CHERUVANNUR A.L.P SCHOOL ,Aided,1 - 4,LP,Melady,,,,
277,16508,CHERUVANNUR NORTH.M.L.P SCHOOL ,Aided,1 - 4,LP,Melady,,,,
278,16509,CHERUVANNUR WEST L.P SCHOOL ,Aided,1 - 4,LP,Melady,,,,
279,16510,MOODADI HAJI P.K MOIDUMEMORIAL L.P SCHOOL ,Aided,1 - 4,LP,Melady,,,,
280,16511,IRINGATH M.L.P SCHOOL ,Aided,1 - 4,LP,Melady,,,,
281,16512,KANNAM KULAM A.L.P SCHOOL ,Aided,1 - 4,LP,Melady,,,,
282,16513,KAYALAD L.P SCHOOL ,Aided,1 - 4,LP,Melady,,,,
283,16514,KEEZHARIYUR M.L.P SCHOOL ,Aided,1 - 4,LP,Melady,,,,
284,16515,KEEZHARIYUR WEST M.L.P SCHOOL ,Aided,1 - 4,LP,Melady,,,,
285,16516,KEEZHPAYUR WEST L.P SCHOOL ,Aided,1 - 4,LP,Melady,,,,
286,16517,KULUPPA A.L.P SCHOOL ,Aided,1 - 4,LP,Melady,,,,
287,16518,MELADI A.L.P SCHOOL ,Aided,1 - 4,LP,Melady,,,,
288,16519,MELADI M.L.P SCHOOL ,Aided,1 - 4,LP,Melady,,,,
289,16520,MEPPAYUR EAST L.P SCHOOL ,Aided,1 - 4,LP,Melady,,,,
290,16521,MEPPAYUR L.P SCHOOL ,Aided,1 - 4,LP,Melady,,,,
291,16522,MEPPAYUR NORTH M.L.P SCHOOL ,Aided,1 - 4,LP,Melady,,,,
292,16523,MOODADI SOUTH L.P SCHOOL ,Aided,1 - 4,LP,Melady,,,,
293,16525,MUYIPPOTH EAST L.P SCHOOL ,Aided,1 - 4,LP,Melady,,,,
294,16526,MUYIPPOTH L.P SCHOOL ,Aided,1 - 4,LP,Melady,,,,
295,16527,NADUVATHUR EAST L.P SCHOOL ,Aided,1 - 4,LP,Melady,,,,
296,16528,NADUVATHUR SOUTH L.P SCHOOL ,Aided,1 - 4,LP,Melady,,,,
297,16529,NARAKKODE A.L.P SCHOOL ,Aided,1 - 4,LP,Melady,,,,
298,16530,NIDUMBOYIL M.L.P SCHOOL ,Aided,1 - 4,LP,Melady,,,,
299,16531,PALLIKKARA A. L.P SCHOOL ,Aided,1 - 4,LP,Melady,,,,
300,16532,PALLIKKARA CENTRAL. L.P SCHOOL ,Aided,1 - 4,LP,Melady,,,,
301,16533,PALLIKKUNI M.L.P SCHOOL ,Aided,1 - 4,LP,Melady,,,,
302,16534,PALUR L.P SCHOOL ,Aided,1 - 4,LP,Melady,,,,
303,16535,PAMBIRIKUNNU.L.P SCHOOL ,Aided,1 - 4,LP,Melady,,,,
304,16536,PAYYOLI M.L.P SCHOOL ,Aided,1 - 4,LP,Melady,,,,
305,16537,Gems ALP School Payyoli Angadi ,Aided,1 - 4,LP,Melady,,,,
306,16538,PURAKKAD M.L.P SCHOOL ,Aided,1 - 4,LP,Melady,,,,
307,16539,PURAKKAD NORTH L.P SCHOOL ,Aided,1 - 4,LP,Melady,,,,
308,16540,PURAKKAD SOUTH L.P SCHOOL ,Aided,1 - 4,LP,Melady,,,,
309,16542,THIKKODI M.L.P SCHOOL ,Aided,1 - 4,LP,Melady,,,,
310,16544,THURAYUR A.L.P SCHOOL ,Aided,1 - 4,LP,Melady,,,,
311,16546,VANMUKAM ELAMPILAD L.P SCHOOL ,Aided,1 - 4,LP,Melady,,,,
312,16547,VEERAVANCHERY L.P SCHOOL ,Aided,1 - 4,LP,Melady,,,,
313,16548,VENNAROT L.P SCHOOL ,Aided,1 - 4,LP,Melady,,,,
314,16549,VILAYATTUR ELAMPILAD L.PSCHOOL ,Aided,1 - 4,LP,Melady,,,,
315,16551,AVALA KUTTOTH L.P SCHOOL ,Aided,1 - 5,"LP, UP",Melady,,,,
316,16553,AVALA U.P SCHOOL ,Aided,1 - 7,"LP, UP",Melady,,,,
317,16554,AYANIKKAD WEST U.P SCHOOL ,Aided,1 - 7,"LP, UP",Melady,,,,
318,16555,AYYAPPAN KAVU U.P SCHOOL ,Aided,1 - 7,"LP, UP",Melady,,,,
319,16556,B.K N.M.U.P SCHOOL NIDUMBOYIL ,Aided,1 - 7,"LP, UP",Melady,,,,
320,16559,GOKHALE U.P SCHOOL MUDADI ,Aided,1 - 7,"LP, UP",Melady,,,,
321,16560,IRINGATH U.P SCHOOL ,Aided,1 - 7,"LP, UP",Melady,,,,
322,16561,K.G.M.S U.P SCHOOLKOZHUKKALLUR ,Aided,1 - 7,"LP, UP",Melady,,,,
323,16562,KANNOTH U.P SCHOOL ,Aided,1 - 7,"LP, UP",Melady,,,,
324,16563,KIZHUR A.U.P SCHOOL ,Aided,1 - 7,"LP, UP",Melady,,,,
325,16564,MUCHUKUNNU NORTH U.P SCHOOL ,Aided,1 - 7,"LP, UP",Melady,,,,
326,16565,MUCHUKUNNU U.P SCHOOL ,Aided,1 - 7,"LP, UP",Melady,,,,
327,16566,MUYIPPOTH M.U.P SCHOOL ,Aided,1 - 7,"LP, UP",Melady,,,,
328,16567,NAMBRATHKARA U.P SCHOOL ,Aided,1 - 7,"LP, UP",Melady,,,,
329,16568,NADUVATHUR U.P SCHOOL ,Aided,1 - 7,"LP, UP",Melady,,,,
330,16570,THRIKKOTUR A.U.P SCHOOL ,Aided,1 - 7,"LP, UP",Melady,,,,
331,16571,VANMUKAM KODIKKAL A.M.U.PSCHOOL ,Aided,1 - 7,"LP, UP",Melady,,,,
332,16572,VEEMANGALAM U.P SCHOOL ,Aided,1 - 7,"LP, UP",Melady,,,,
333,16573,VILAYATUR ELAMPILAD M.U.PSCHOOL ,Aided,1 - 7,"LP, UP",Melady,,,,
334,16576,KEEZHPAYUR A.U.P SCHOOL ,Aided,5 -7,UP,Melady,,,,
335,10130,I P C HIGHER SECONDARYSCHOOL ,Unaided Recognised,11 - 12,HSS,Melady,,,,
336,16015,SALAFI H.S.KULUPPA ,Unaided Recognised,8 - 10,HS,Melady,,,,
337,16090,Vidya Sadanam Model SchoolPurakkad ,Unaided Recognised,1 -10,"LP, UP, HS",Melady,,,,
338,16579,Sacred Heart U P School ,Unaided Recognised,1 - 7,"LP, UP",Melady,,,,
339,16580,SANTHISADANAM School forDifferently Abled ,Unaided Recognised,1 - 12,"LP, UP, HS, HSS",Melady,,,,
340,16040,GHSS KALLACHI ,Government,8 - 12,"HS, HSS",Nadapuram,,,,
341,16041,GHSS VALAYAM ,Government,5 - 12,"UP, HS, HSS",Nadapuram,,,,
342,16080,GHSS VELLIYODE ,Government,1 - 12,"LP, UP, HS, HSS",Nadapuram,,,,
343,16601,GLPS CHEKKIAD ,Government,1 - 4,LP,Nadapuram,,,,
344,16602,GLPS CHUZHALI ,Government,1 - 4,LP,Nadapuram,,,,
345,16603,GMLPS KANNANKAI ,Government,1 - 4,LP,Nadapuram,,,,
346,16604,GLPS PALUR ,Government,1 - 4,LP,Nadapuram,,,,
347,16605,GMLPS TUNERI ,Government,1 - 4,LP,Nadapuram,,,,
348,16606,GLPS PULIYAVIL ,Government,1 - 4,LP,Nadapuram,,,,
349,16607,G W L P S VALAYAM ,Government,1 - 4,LP,Nadapuram,,,,
350,16608,GWLPS VELLIYODE ,Government,1 - 4,LP,Nadapuram,,,,
351,16661,GUPS KALLACHI ,Government,1 - 7,"LP, UP",Nadapuram,,,,
352,16662,GUPS NADAPURAM ,Government,1 - 7,"LP, UP",Nadapuram,,,,
353,16663,GMUPS PARAKKADAVU ,Government,1 - 7,"LP, UP",Nadapuram,,,,
354,16034,T I M G H S S NADAPURAM ,Aided,8 - 12,"HS, HSS",Nadapuram,,,,
355,16035,M I M HSS PERODE ,Aided,8 - 12,"HS, HSS",Nadapuram,,,,
356,16039,IRINGANNUR H S S ,Aided,5 - 12,"UP, HS, HSS",Nadapuram,,,,
357,16042,S I H S S Ummathur ,Aided,8 - 12,"HS, HSS",Nadapuram,,,,
358,16044,ST.GEORGE'S HS VILANGAD ,Aided,1 -10,"LP, UP, HS",Nadapuram,,,,
359,16079,CRESCENT HSS VANIMAL ,Aided,8 - 12,"HS, HSS",Nadapuram,,,,
360,16609,ARUR MLPS ,Aided,1 - 4,LP,Nadapuram,,,,
361,16610,KKMMLPS ARUR  ,Aided,1 - 4,LP,Nadapuram,,,,
362,16611,BHOOMIVATHUKKAL LPS ,Aided,1 - 4,LP,Nadapuram,,,,
363,16612,CHALIYATPOYIL NATIONAL LPS ,Aided,1 - 4,LP,Nadapuram,,,,
364,16613,CHEKKIAD EAST LPS ,Aided,1 - 4,LP,Nadapuram,,,,
365,16614,CHEKKIAD SOUTH MLPS ,Aided,1 - 4,LP,Nadapuram,,,,
366,16615,CHERUMOTH LPS ,Aided,1 - 4,LP,Nadapuram,,,,
367,16616,CHIYYUR LPS ,Aided,1 - 4,LP,Nadapuram,,,,
368,16617,ELAYADAM LPS ,Aided,1 - 4,LP,Nadapuram,,,,
369,16618,ELAYADAM MLPS ,Aided,1 - 4,LP,Nadapuram,,,,
370,16619,ELAYADAM BVLPS ,Aided,1 - 4,LP,Nadapuram,,,,
371,16620,IRINGANNUR LPS ,Aided,1 - 4,LP,Nadapuram,,,,
372,16621,KACHERI NORTH LPS ,Aided,1 - 4,LP,Nadapuram,,,,
373,16622,KAKKAMVELLI LPS ,Aided,1 - 4,LP,Nadapuram,,,,
374,16623,KALLACHIMMAL MLPS ,Aided,1 - 4,LP,Nadapuram,,,,
375,16624,KODIYURA LPS ,Aided,1 - 4,LP,Nadapuram,,,,
376,16625,KUMMANCODE EAST LPS ,Aided,1 - 4,LP,Nadapuram,,,,
377,16626,KUMMANCODE SOUTH MLPS ,Aided,1 - 4,LP,Nadapuram,,,,
378,16627,KUTTIPPURAM ALPS ,Aided,1 - 4,LP,Nadapuram,,,,
379,16628,KUYITHERI MLPS ,Aided,1 - 4,LP,Nadapuram,,,,
380,16629,MUDAVANTHERY MLPS ,Aided,1 - 4,LP,Nadapuram,,,,
381,16630,NADAPURAM NORTH MLPS ,Aided,1 - 4,LP,Nadapuram,,,,
382,16631,NADAPURAM SOUTH LPS ,Aided,1 - 4,LP,Nadapuram,,,,
383,16632,NARIKKATTERI LVLPS ,Aided,1 - 4,LP,Nadapuram,,,,
384,16633,NEDUMPARAMBA LPS ,Aided,1 - 4,LP,Nadapuram,,,,
385,16634,PARAPPOYIL MLPS ,Aided,1 - 4,LP,Nadapuram,,,,
386,16635,PERODE MLPS ,Aided,1 - 4,LP,Nadapuram,,,,
387,16636,PERUMUNDACHERY MLPS ,Aided,1 - 4,LP,Nadapuram,,,,
388,16637,PERUMUNDACHERY SVLPS ,Aided,1 - 4,LP,Nadapuram,,,,
389,16638,POOVAMVAYAL LPS ,Aided,1 - 4,LP,Nadapuram,,,,
390,16639,TUNERI WEST LPS ,Aided,1 - 4,LP,Nadapuram,,,,
391,16640,VALAYAM MLPS ,Aided,1 - 4,LP,Nadapuram,,,,
392,16641,VALAYAM NORTH LPS ,Aided,1 - 4,LP,Nadapuram,,,,
393,16642,VELLIYODE LPS ,Aided,1 - 4,LP,Nadapuram,,,,
394,16643,VELLUR MLPS ,Aided,1 - 4,LP,Nadapuram,,,,
395,16644,VELLUR NORTH LPS ,Aided,1 - 4,LP,Nadapuram,,,,
396,16645,VELLUR SOUTH LPS ,Aided,1 - 4,LP,Nadapuram,,,,
397,16646,VEVAM LPS ,Aided,1 - 4,LP,Nadapuram,,,,
398,16647,BHOOMIVATHUKKAL MLPS ,Aided,1 - 5,"LP, UP",Nadapuram,,,,
399,16648,CHELAKKAD MLPS ,Aided,1 - 5,"LP, UP",Nadapuram,,,,
400,16649,CHELAKKAD LPS ,Aided,1 - 5,"LP, UP",Nadapuram,,,,
401,16650,CHERUMOTH MLPS ,Aided,1 - 5,"LP, UP",Nadapuram,,,,
402,16651,CHERUVALLUR LPS ,Aided,1 - 5,"LP, UP",Nadapuram,,,,
403,16652,IRINGANNUR WEST LPS ,Aided,1 - 5,"LP, UP",Nadapuram,,,,
404,16653,JATHIYERI MLPS ,Aided,1 - 5,"LP, UP",Nadapuram,,,,
405,16654,KODENCHERY LPS ,Aided,1 - 5,"LP, UP",Nadapuram,,,,
406,16655,MUDAVANTHERI SVLPS ,Aided,1 - 5,"LP, UP",Nadapuram,,,,
407,16656,NARIKKATTERI MLPS ,Aided,1 - 5,"LP, UP",Nadapuram,,,,
408,16657,PERUMUNDACHERY LPS ,Aided,1 - 5,"LP, UP",Nadapuram,,,,
409,16658,UMMATHUR MLPS ,Aided,1 - 5,"LP, UP",Nadapuram,,,,
410,16659,VARIKKOLI LPS ,Aided,1 - 5,"LP, UP",Nadapuram,,,,
411,16660,VISHNUMANGALAM LPS ,Aided,1 - 5,"LP, UP",Nadapuram,,,,
412,16664,ARUR UPS ,Aided,1 - 7,"LP, UP",Nadapuram,,,,
413,16665,CCUPS NADAPURAM ,Aided,1 - 7,"LP, UP",Nadapuram,,,,
414,16666,KACHERI UPS ,Aided,1 - 7,"LP, UP",Nadapuram,,,,
415,16667,KURUVANTHERI UPS ,Aided,1 - 7,"LP, UP",Nadapuram,,,,
416,16668,THANAKKOTTUR UPS ,Aided,1 - 7,"LP, UP",Nadapuram,,,,
417,16669,TUNERI E V U P S ,Aided,1 - 7,"LP, UP",Nadapuram,,,,
418,16670,VALAYAM UPS ,Aided,1 - 7,"LP, UP",Nadapuram,,,,
419,16671,VANIMEL MUPS ,Aided,1 - 7,"LP, UP",Nadapuram,,,,
420,10131,Darul Huda EM H S S Nadapuram ,Unaided Recognised,11 - 12,HSS,Nadapuram,,,,
421,16043,SIACOLLEGE HS UMMATHUR ,Unaided Recognised,5 - 10,"UP, HS",Nadapuram,,,,
422,16672,AL HUDA UPS(UNAIDED) ,Unaided Recognised,1 - 7,"LP, UP",Nadapuram,,,,
423,16674,"Global Public School,Vanimel ",Unaided Recognised,1 - 7,"LP, UP",Nadapuram,,,,
424,16741,Govt. LPS. Vellukkara ,Government,1 - 4,LP,Thodannur,,,,
425,16764,T G P Govt. UP SchoolPaingottayi ,Government,1 - 7,"LP, UP",Thodannur,,,,
426,16765,Govt. UP School Parambil ,Government,1 - 7,"LP, UP",Thodannur,,,,
427,16766,Govt. Moppila UP SchoolThiruvallur ,Government,1 - 7,"LP, UP",Thodannur,,,,
428,16008,Emjay V H S schoolVilliappally ,Aided,8 - 12,"HS, HSS",Thodannur,,,,
429,16010,Memunda H S S ,Aided,5 - 12,"UP, HS, HSS",Thodannur,,,,
430,16033,R A C H S S Katameri ,Aided,8 - 12,"HS, HSS",Thodannur,,,,
431,16059,S. N. H.S.S. Thiruvallur ,Aided,5 - 12,"UP, HS, HSS",Thodannur,,,,
432,16060,Rahmaniya H S Ayancheri ,Aided,1 - 12,"LP, UP, HS, HSS",Thodannur,,,,
433,16701,Arangot MLP School ,Aided,1 - 4,LP,Thodannur,,,,
434,16702,Ayancheri L. P.S ,Aided,1 - 4,LP,Thodannur,,,,
435,16703,Ayancheri No. 1. L. P.S ,Aided,1 - 4,LP,Thodannur,,,,
436,16704,Ayancheri D.V. L. P.S ,Aided,1 - 4,LP,Thodannur,,,,
437,16705,Ayancheri M. L. P.S ,Aided,1 - 4,LP,Thodannur,,,,
438,16706,Abdulla Memorial M L P SchoolKanjirattuthara Thiruvalloor ,Aided,1 - 4,LP,Thodannur,,,,
439,16707,Chathoth MLPS ,Aided,1 - 4,LP,Thodannur,,,,
440,16708,Chemmarathur LPS ,Aided,1 - 4,LP,Thodannur,,,,
441,16709,Chemmarathur WLPS ,Aided,1 - 4,LP,Thodannur,,,,
442,16710,Chemmarathur MLPS ,Aided,1 - 4,LP,Thodannur,,,,
443,16711,Chiravattam LPS ,Aided,1 - 4,LP,Thodannur,,,,
444,16712,Edathumkara LPS ,Aided,1 - 4,LP,Thodannur,,,,
445,16713,Katameri LPS ,Aided,1 - 4,LP,Thodannur,,,,
446,16714,Katameri SMLPS ,Aided,1 - 4,LP,Thodannur,,,,
447,16715,Kannambathkara LPS ,Aided,1 - 4,LP,Thodannur,,,,
448,16716,Karthikapally LPS ,Aided,1 - 4,LP,Thodannur,,,,
449,16717,Kavil LPS ,Aided,1 - 4,LP,Thodannur,,,,
450,16718,Kolathur LPS ,Aided,1 - 4,LP,Thodannur,,,,
451,16719,Kottappally MLPS ,Aided,1 - 4,LP,Thodannur,,,,
452,16720,Kurunthodi MLPS ,Aided,1 - 4,LP,Thodannur,,,,
453,16721,Kurinhaliyodu Pallikkuni MLPS ,Aided,1 - 4,LP,Thodannur,,,,
454,16722,Mandarathur MLPS ,Aided,1 - 4,LP,Thodannur,,,,
455,16723,Mayyannur LPS ,Aided,1 - 4,LP,Thodannur,,,,
456,16724,Memunda East LPS ,Aided,1 - 4,LP,Thodannur,,,,
457,16725,Mudappilavil LPS ,Aided,1 - 4,LP,Thodannur,,,,
458,16726,Mudappilavil NLPS ,Aided,1 - 4,LP,Thodannur,,,,
459,16727,Muyipra LPS ,Aided,1 - 4,LP,Thodannur,,,,
460,16728,Nalomkorol MLPS ,Aided,1 - 4,LP,Thodannur,,,,
461,16729,Nidumbramanna MLPS ,Aided,1 - 4,LP,Thodannur,,,,
462,16730,Ponmeri West LPS ,Aided,1 - 4,LP,Thodannur,,,,
463,16731,Ponmeri MLPS ,Aided,1 - 4,LP,Thodannur,,,,
464,16732,S. N. LPS Thiruvallur ,Aided,1 - 4,LP,Thodannur,,,,
465,16733,Thiruvallur NLPS ,Aided,1 - 4,LP,Thodannur,,,,
466,16734,Thodannur M L P S ,Aided,1 - 4,LP,Thodannur,,,,
467,16735,Valliad East LPS ,Aided,1 - 4,LP,Thodannur,,,,
468,16736,Valliad MLPS ,Aided,1 - 4,LP,Thodannur,,,,
469,16737,Valliad North MLPS ,Aided,1 - 4,LP,Thodannur,,,,
470,16738,Villiappally SLPS ,Aided,1 - 4,LP,Thodannur,,,,
471,16739,Villiappally MLPS ,Aided,1 - 4,LP,Thodannur,,,,
472,16740,Villiappally West MLPS ,Aided,1 - 4,LP,Thodannur,,,,
473,16742,Kakkunnath MLPS ,Aided,1 - 5,"LP, UP",Thodannur,,,,
474,16743,Karthikappally NLPS ,Aided,1 - 5,"LP, UP",Thodannur,,,,
475,16744,Karthikappally NMLPS ,Aided,1 - 5,"LP, UP",Thodannur,,,,
476,16745,Kottappally LPS ,Aided,1 - 5,"LP, UP",Thodannur,,,,
477,16746,Mayyannur No. 1 LPS ,Aided,1 - 5,"LP, UP",Thodannur,,,,
478,16747,Muyipra PVLPS ,Aided,1 - 5,"LP, UP",Thodannur,,,,
479,16748,Parambil LPS ,Aided,1 - 5,"LP, UP",Thodannur,,,,
480,16749,Ponmeri LPS ,Aided,1 - 5,"LP, UP",Thodannur,,,,
481,16750,Thirumana LPS ,Aided,1 - 5,"LP, UP",Thodannur,,,,
482,16751,Valliad LPS ,Aided,1 - 5,"LP, UP",Thodannur,,,,
483,16752,Cheekilode UPS ,Aided,1 - 7,"LP, UP",Thodannur,,,,
484,16753,Katameri UPS ,Aided,1 - 7,"LP, UP",Thodannur,,,,
485,16754,Katameri MUPS ,Aided,1 - 7,"LP, UP",Thodannur,,,,
486,16755,Karthikappally No. 1 UPS ,Aided,1 - 7,"LP, UP",Thodannur,,,,
487,16756,Keezhal UPS ,Aided,1 - 7,"LP, UP",Thodannur,,,,
488,16757,Keezhal DVUPS ,Aided,1 - 7,"LP, UP",Thodannur,,,,
489,16758,Kurunthodi UPS ,Aided,1 - 7,"LP, UP",Thodannur,,,,
490,16759,MCM UP School Mayyannur ,Aided,1 - 7,"LP, UP",Thodannur,,,,
491,16760,Ponniath MUPS ,Aided,1 - 7,"LP, UP",Thodannur,,,,
492,16761,SOUMYATHA MEMORIAL UP SCHOOL ,Aided,1 - 7,"LP, UP",Thodannur,,,,
493,16762,Thodannur U P S ,Aided,1 - 7,"LP, UP",Thodannur,,,,
494,16763,Villiappally UPS ,Aided,1 - 7,"LP, UP",Thodannur,,,,
495,16767,Mandarathur UPS ,Aided,1 - 7,"LP, UP",Thodannur,,,,
496,16768,Valliad U.P.S ,Aided,5 -7,UP,Thodannur,,,,
497,16769,BRIGHT SCHOOL VALLIAD ,Unaided Recognised,1 -10,"LP, UP, HS",Thodannur,,,,
498,16004,GOVT. Sanskrit HSS Vatakara ,Government,5 - 12,"UP, HS, HSS",Vatakara,,,,
499,16006,Govt HSS Vatakara Puthur ,Government,5 - 12,"UP, HS, HSS",Vatakara,,,,
500,16009,JNM Govt.HSS Puduppanam ,Government,8 - 12,"HS, HSS",Vatakara,,,,
501,16056,Maniyur Panchayth HSS ,Government,8 - 12,"HS, HSS",Vatakara,,,,
502,16501,TECHNICAL H S VADAKARA ,Government,8 - 12,"HS, HSS",Vatakara,,,,
503,16852,Govt.FLPS Kuriyadi ,Government,1 - 5,"LP, UP",Vatakara,,,,
504,16001,BEM HS Vatakara ,Aided,5 - 12,"UP, HS, HSS",Vatakara,,,,
505,16002,St.Antony`s GHS Vatakara ,Aided,5 - 10,"UP, HS",Vatakara,,,,
506,16003,M U M V H S S Vatakara ,Aided,5 - 12,"UP, HS, HSS",Vatakara,,,,
507,16077,K M H S Kottakkal ,Aided,1 - 12,"LP, UP, HS, HSS",Vatakara,,,,
508,16801,Arakkilad East LPS ,Aided,1 - 4,LP,Vatakara,,,,
509,16802,Arakkilad JBS ,Aided,1 - 4,LP,Vatakara,,,,
510,16803,BEM LPS Moorad ,Aided,1 - 4,LP,Vatakara,,,,
511,16804,Cheenamveedu North JBS ,Aided,1 - 5,"LP, UP",Vatakara,,,,
512,16805,Chennamangalam LPS ,Aided,1 - 4,LP,Vatakara,,,,
513,16806,Cherandathur MLPS ,Aided,1 - 4,LP,Vatakara,,,,
514,16807,Chorode LPS ,Aided,1 - 4,LP,Vatakara,,,,
515,16808,Elempilad LPS ,Aided,1 - 4,LP,Vatakara,,,,
516,16809,Elempilad MLPS ,Aided,1 - 4,LP,Vatakara,,,,
517,16810,Erapuram MLPS ,Aided,1 - 4,LP,Vatakara,,,,
518,16811,Erapuram SV LPS ,Aided,1 - 4,LP,Vatakara,,,,
519,16812,GVC JBS Vatakara ,Aided,1 - 4,LP,Vatakara,,,,
520,16813,GV JBS Vatakara ,Aided,1 - 4,LP,Vatakara,,,,
521,16814,Iringal Arunodayam LPS ,Aided,1 - 4,LP,Vatakara,,,,
522,16815,Iringal East LPS ,Aided,1 - 4,LP,Vatakara,,,,
523,16816,Iringal LPS ,Aided,1 - 4,LP,Vatakara,,,,
524,16817,Iringal North Mopla L P S ,Aided,1 - 4,LP,Vatakara,,,,
525,16818,Kottakadappuram LPS ,Aided,1 - 4,LP,Vatakara,,,,
526,16819,Kottakkal LPS ,Aided,1 - 4,LP,Vatakara,,,,
527,16820,Kunnathkara MLPS ,Aided,1 - 4,LP,Vatakara,,,,
528,16821,Maniyur East LPS ,Aided,1 - 4,LP,Vatakara,,,,
529,16822,Maniyur LPS ,Aided,1 - 4,LP,Vatakara,,,,
530,16823,Maniyur MLPS ,Aided,1 - 4,LP,Vatakara,,,,
531,16824,Maniyur North LPS ,Aided,1 - 4,LP,Vatakara,,,,
532,16825,Meppayil SV JBS ,Aided,1 - 4,LP,Vatakara,,,,
533,16826,Moorad MLPS ,Aided,1 - 4,LP,Vatakara,,,,
534,16827,Mukacheri Bhagam JBS ,Aided,1 - 4,LP,Vatakara,,,,
535,16828,Mukkola Bhagam JBS ,Aided,1 - 4,LP,Vatakara,,,,
536,16829,MUM JBS Vatakara ,Aided,1 - 4,LP,Vatakara,,,,
537,16830,Nadakkuthazha JBS ,Aided,1 - 4,LP,Vatakara,,,,
538,16831,Pakkayil JBS ,Aided,1 - 4,LP,Vatakara,,,,
539,16832,Palayad DSS LPS ,Aided,1 - 4,LP,Vatakara,,,,
540,16833,Palayad LPS ,Aided,1 - 4,LP,Vatakara,,,,
541,16834,Pathiyarakkara MLPS ,Aided,1 - 4,LP,Vatakara,,,,
542,16835,Purankara MJBS ,Aided,1 - 4,LP,Vatakara,,,,
543,16836,Puthiyappu JBS ,Aided,1 - 4,LP,Vatakara,,,,
544,16837,Puthur JBS ,Aided,1 - 4,LP,Vatakara,,,,
545,16838,S P H Vilasam J B S ,Aided,1 - 4,LP,Vatakara,,,,
546,16839,St.Antony`s JBS Vatakara ,Aided,1 - 4,LP,Vatakara,,,,
547,16840,Thazheppalii Bhagam JBS ,Aided,1 - 4,LP,Vatakara,,,,
548,16841,Vatakara East JBS ,Aided,1 - 4,LP,Vatakara,,,,
549,16842,Vatakara South JBS ,Aided,1 - 4,LP,Vatakara,,,,
550,16843,Vatakara west JBS ,Aided,1 - 4,LP,Vatakara,,,,
551,16844,Valappil Bhagam JBS ,Aided,1 - 4,LP,Vatakara,,,,
552,16845,Cheenamveedu MJBS ,Aided,1 - 4,LP,Vatakara,,,,
553,16846,Arakkilad SV LPS ,Aided,1 - 5,"LP, UP",Vatakara,,,,
554,16847,Cherandathur LPS ,Aided,1 - 5,"LP, UP",Vatakara,,,,
555,16848,Karuvancheri North LPS ,Aided,1 - 5,"LP, UP",Vatakara,,,,
556,16849,Palayad No. 1 LPS ,Aided,1 - 5,"LP, UP",Vatakara,,,,
557,16850,Purankara JBS ,Aided,1 - 5,"LP, UP",Vatakara,,,,
558,16851,Thondikulangara LPS ,Aided,1 - 5,"LP, UP",Vatakara,,,,
559,16853,Avikkal SBS ,Aided,1 - 7,"LP, UP",Vatakara,,,,
560,16854,Cheenamveedu UPS ,Aided,1 - 7,"LP, UP",Vatakara,,,,
561,16855,Chettiath UPS ,Aided,1 - 7,"LP, UP",Vatakara,,,,
562,16856,Gujarthi SBS ,Aided,1 - 7,"LP, UP",Vatakara,,,,
563,16857,KAM UPS Chorode ,Aided,1 - 7,"LP, UP",Vatakara,,,,
564,16858,Karuvancheri UPS ,Aided,1 - 7,"LP, UP",Vatakara,,,,
565,16859,Mannathkavu UPS ,Aided,1 - 7,"LP, UP",Vatakara,,,,
566,16860,Meppayil East SBS ,Aided,1 - 7,"LP, UP",Vatakara,,,,
567,16861,Meppayil SBS ,Aided,1 - 7,"LP, UP",Vatakara,,,,
568,16862,Muduvana UPS ,Aided,1 - 7,"LP, UP",Vatakara,,,,
569,16863,Nadakkuthazha MUPS ,Aided,1 - 7,"LP, UP",Vatakara,,,,
570,16864,Pulinholi SBS ,Aided,1 - 7,"LP, UP",Vatakara,,,,
571,16865,Puduppanam North SBS ,Aided,1 - 7,"LP, UP",Vatakara,,,,
572,16866,Puduppanam SBS ,Aided,1 - 7,"LP, UP",Vatakara,,,,
573,16867,SGMSBS Vatakara ,Aided,1 - 7,"LP, UP",Vatakara,,,,
574,16868,Thazhekalari UPS ,Aided,1 - 7,"LP, UP",Vatakara,,,,
575,16869,Iringal SS UPS ,Aided,5 -7,UP,Vatakara,,,,
576,16870,Maniyur UPS ,Aided,5 -7,UP,Vatakara,,,,
577,16873,"ROTARY SCHOOL FOR HEARINGIMPAIRED,BADAGARA  ",Aided,1 - 7,"LP, UP",Vatakara,,,,
578,16005,Sree Narayana HSS Vatakara ,Unaided Recognised,5 - 12,"UP, HS, HSS",Vatakara,,,,
579,16078,Islamic Academy E H SKottakkal ,Unaided Recognised,1 - 12,"LP, UP, HS, HSS",Vatakara,,,,
580,16871,VIVA School for MentallyChallenged ,Unaided Recognised,1 - 7,"LP, UP",Vatakara,,,,
581,16874,Sree Narayana English MediumLP ,Unaided Recognised,1 - 4,LP,Vatakara,,,,
582,16875,St Antony's English Medium LP ,Unaided Recognised,1 - 4,LP,Vatakara,,,,
583,17001,Govt.Ganapat B.H.S Chalapuram ,Government,5 - 10,"UP, HS",Kozhikode city ,,,,
584,17002,G. G. H. S.S Kallai ,Government,5 - 12,"UP, HS, HSS",Kozhikode city ,,,,
585,17003,G. V. H. S. S Meenchanda ,Government,1 - 12,"LP, UP, HS, HSS",Kozhikode city ,,,,
586,17004,G. V. H. S. S. Payyanakkal ,Government,1 - 12,"LP, UP, HS, HSS",Kozhikode city ,,,,
587,17005,G H S S Azhchavattom ,Government,5 - 12,"UP, HS, HSS",Kozhikode city ,,,,
588,17007,G. V. H. S. S Kinassery ,Government,5 - 12,"UP, HS, HSS",Kozhikode city ,,,,
589,17010,G. V. H. S. S. For GirlsNadakkavu ,Government,5 - 12,"UP, HS, HSS",Kozhikode city ,,,,
590,17013,G. H. S. S. Easthill ,Government,8 - 12,"HS, HSS",Kozhikode city ,,,,
591,17015,G. H. S.S Karaparamba ,Government,5 - 12,"UP, HS, HSS",Kozhikode city ,,,,
592,17017,G. G. Model G. H. S. S.Chalappuram ,Government,5 - 12,"UP, HS, HSS",Kozhikode city ,,,,
593,17021,Govt Model H. S. S. Kozhikode ,Government,8 - 12,"HS, HSS",Kozhikode city ,,,,
594,17024,G. V. H. S.S Kuttichira ,Government,1 - 12,"LP, UP, HS, HSS",Kozhikode city ,,,,
595,17037,Govt. Achuthan G. H. SChalappuram ,Government,5 - 12,"UP, HS, HSS",Kozhikode city ,,,,
596,17201,G. G. L. P. S. East Kallai ,Government,1 - 4,LP,Kozhikode city ,,,,
597,17202,G. A.G .L. P. S. Chalappuram ,Government,1 - 4,LP,Kozhikode city ,,,,
598,17203,G. L. P. S. Azhchavattam ,Government,1 - 4,LP,Kozhikode city ,,,,
599,17204,G. L. P. S. Byraikulam ,Government,1 - 4,LP,Kozhikode city ,,,,
600,17205,G. L. P. S. Kacheri ,Government,1 - 4,LP,Kozhikode city ,,,,
601,17206,G. L. P. S. Kacherikkunnu ,Government,1 - 4,LP,Kozhikode city ,,,,
602,17207,G. L. P. S. Kannancheri ,Government,1 - 4,LP,Kozhikode city ,,,,
603,17208,G. L. P. S. Kappakkal ,Government,1 - 4,LP,Kozhikode city ,,,,
604,17209,G. L. P. S. Karaparamba ,Government,1 - 4,LP,Kozhikode city ,,,,
605,17210,G. L. P. S. Kinasseri ,Government,1 - 4,LP,Kozhikode city ,,,,
606,17211,G. L. P. S. Kottummal ,Government,1 - 4,LP,Kozhikode city ,,,,
607,17212,G. L. P. S. Pallikandi ,Government,1 - 4,LP,Kozhikode city ,,,,
608,17213,G. L. P. S. Vellayil East ,Government,1 - 4,LP,Kozhikode city ,,,,
609,17214,G. L. P. S.Thoppayil ,Government,1 - 4,LP,Kozhikode city ,,,,
610,17215,G. L. P.S. Parappil ,Government,1 - 4,LP,Kozhikode city ,,,,
611,17234,G. G. U. P. S. Pokkunnu ,Government,1 - 7,"LP, UP",Kozhikode city ,,,,
612,17235,G. U. P. S. Bilathikulam ,Government,1 - 7,"LP, UP",Kozhikode city ,,,,
613,17236,G. U. P. S. Chindhavalappu ,Government,1 - 7,"LP, UP",Kozhikode city ,,,,
614,17237,G. U. P. S. Civil Station ,Government,1 - 7,"LP, UP",Kozhikode city ,,,,
615,17238,G. U. P. S. Kallai ,Government,1 - 7,"LP, UP",Kozhikode city ,,,,
616,17239,G. U. P. S. Kundungal ,Government,1 - 7,"LP, UP",Kozhikode city ,,,,
617,17240,G. U. P. S. Nadakkavu East ,Government,1 - 7,"LP, UP",Kozhikode city ,,,,
618,17241,G. U. P. S. Panniyankara ,Government,1 - 7,"LP, UP",Kozhikode city ,,,,
619,17242,G. U. P. S. Thali ,Government,1 - 7,"LP, UP",Kozhikode city ,,,,
620,17243,G. U. P. S. Thiruvannur ,Government,1 - 7,"LP, UP",Kozhikode city ,,,,
621,17244,G. F. U. P. S. Vellayil ,Government,1 - 7,"LP, UP",Kozhikode city ,,,,
622,17245,G. U. P. S. Vellayil West ,Government,1 - 7,"LP, UP",Kozhikode city ,,,,
623,17246,G. U. P. S. Malapparamba ,Government,1 - 7,"LP, UP",Kozhikode city ,,,,
624,17258,Govt. U. P. School Palat ,Government,5 -7,UP,Kozhikode city ,,,,
625,17261,GTTI(Men) Kozhikode ,Government,1 - 7,"LP, UP",Kozhikode city ,,,,
626,17262,GTTI(Women) Nadakkavu ,Government,1 - 4,LP,Kozhikode city ,,,,
627,17265,Technical Higher SecondarySchool Thiruthiyad ,Government,11 - 12,HSS,Kozhikode city ,,,,
628,17501,TECHNICAL HS KOZHIKODE ,Government,8 - 10,HS,Kozhikode city ,,,,
629,17008,Ramakrishna Mission H. S. S ,Aided,5 - 12,"UP, HS, HSS",Kozhikode city ,,,,
630,17011,Providence Girls H. S. S ,Aided,5 - 12,"UP, HS, HSS",Kozhikode city ,,,,
631,17012,St. Vincent's Colony Girls H SS ,Aided,5 - 12,"UP, HS, HSS",Kozhikode city ,,,,
632,17014,St. Michael's H. S.S Westhill ,Aided,1 - 12,"LP, UP, HS, HSS",Kozhikode city ,,,,
633,17016,B. E. M. G. H. S. S. Calicut ,Aided,5 - 10,"UP, HS",Kozhikode city ,,,,
634,17018,St. Joseph's Boys' H. S. S.Calicut ,Aided,5 - 12,"UP, HS, HSS",Kozhikode city ,,,,
635,17020,St. Joseph`s Anglo IndianGirls H. S. S ,Aided,1 - 12,"LP, UP, HS, HSS",Kozhikode city ,,,,
636,17022,M. M. V. H. S.S Kozhikode ,Aided,5 - 12,"UP, HS, HSS",Kozhikode city ,,,,
637,17028,Zamorin's H. S. S. Kozhikode ,Aided,5 - 12,"UP, HS, HSS",Kozhikode city ,,,,
638,17038,M. C. C. H.S.S .Calicut ,Aided,5 - 12,"UP, HS, HSS",Kozhikode city ,,,,
639,17091,Himayathul Islam H. S. S ,Aided,1 - 12,"LP, UP, HS, HSS",Kozhikode city ,,,,
640,17092,Calicut Girls H.S.S. ,Aided,5 - 12,"UP, HS, HSS",Kozhikode city ,,,,
641,17216,B. E. M. Girls L. P. S ,Aided,1 - 4,LP,Kozhikode city ,,,,
642,17217,B. E. M. L. P. SchoolKozhikode ,Aided,1 - 4,LP,Kozhikode city ,,,,
643,17218,Christuraja L. P. S ,Aided,1 - 4,LP,Kozhikode city ,,,,
644,17219,Francis Road A. L. P. S ,Aided,1 - 4,LP,Kozhikode city ,,,,
645,17220,Ganapath L. P. S. West Kallai ,Aided,1 - 4,LP,Kozhikode city ,,,,
646,17221,Ganapath L. P. S. Chalappuram ,Aided,1 - 4,LP,Kozhikode city ,,,,
647,17223,Kommeri. A. L. P. S ,Aided,1 - 4,LP,Kozhikode city ,,,,
648,17224,M. C. C. L. P. S ,Aided,1 - 4,LP,Kozhikode city ,,,,
649,17225,M. M. L. P. S Parappil ,Aided,1 - 4,LP,Kozhikode city ,,,,
650,17226,Mathrubhandhu V. S. L. P. S ,Aided,1 - 4,LP,Kozhikode city ,,,,
651,17227,Muneerul Islam L. P. S. ,Aided,1 - 4,LP,Kozhikode city ,,,,
652,17228,Providence L. P. S ,Aided,1 - 4,LP,Kozhikode city ,,,,
653,17229,S. R. K. M. L. P. S ,Aided,1 - 4,LP,Kozhikode city ,,,,
654,17230,Sankaravilasam A. L. P. S ,Aided,1 - 4,LP,Kozhikode city ,,,,
655,17231,St.Josephs L. P. S. ,Aided,1 - 4,LP,Kozhikode city ,,,,
656,17232,Talikulangara A. L. P. S ,Aided,1 - 4,LP,Kozhikode city ,,,,
657,17247,Atma A. U. P. S. Karaparamba ,Aided,1 - 7,"LP, UP",Kozhikode city ,,,,
658,17248,B. E. M. U. P. S Bilathikulam ,Aided,1 - 7,"LP, UP",Kozhikode city ,,,,
659,17249,B. E. M. U. P. S Puthiyara ,Aided,1 - 7,"LP, UP",Kozhikode city ,,,,
660,17250,Govindapuram A. U. P. S ,Aided,1 - 7,"LP, UP",Kozhikode city ,,,,
661,17251,M. I. U. P. S. Mooriyad ,Aided,1 - 7,"LP, UP",Kozhikode city ,,,,
662,17252,N. M. U. P. S. Kallai ,Aided,1 - 7,"LP, UP",Kozhikode city ,,,,
663,17253,St. Angelas A. U. P. S. ,Aided,1 - 7,"LP, UP",Kozhikode city ,,,,
664,17254,St.Antonys A. U. P. S. ,Aided,1 - 7,"LP, UP",Kozhikode city ,,,,
665,17263,St.Vincent Colony T T ICalicut ,Aided,1 - 4,LP,Kozhikode city ,,,,
666,17603,"Karuna Speach and HearingSchool,Eranhipalam ",Aided,1 - 12,"LP, UP, HS, HSS",Kozhikode city ,,,,
667,17009,N. S. S. H. S. S Meenchanda ,Unaided Recognised,1 - 12,"LP, UP, HS, HSS",Kozhikode city ,,,,
668,17019,Sree Gujarathi Vidyalaya H. S.S ,Unaided Recognised,5 - 12,"UP, HS, HSS",Kozhikode city ,,,,
669,17029,Dr.Ayyathan Gopalan M. E. M.H. S ,Unaided Recognised,1 -10,"LP, UP, HS",Kozhikode city ,,,,
670,17106,J D T ISLAM IQRAA ENGLISHMEDIUM HIGH SCHOOL ,Unaided Recognised,1 -10,"LP, UP, HS",Kozhikode city ,,,,
671,17116,Markaz International School ,Unaided Recognised,1 -10,"LP, UP, HS",Kozhikode city ,,,,
672,17117,OLIVE ENGLISH MEDIUM HIGHSCHOOL ,Unaided Recognised,1 -10,"LP, UP, HS",Kozhikode city ,,,,
673,17233,N. S. S. E.M.School Chalappuram ,Unaided Recognised,1 - 7,"LP, UP",Kozhikode city ,,,,
674,17255,C. S. I. E. M. School. ,Unaided Recognised,1 - 4,LP,Kozhikode city ,,,,
675,17264,St.Michael's EM SchoolWesthill ,Unaided Recognised,1 - 4,LP,Kozhikode city ,,,,
676,17266,St. George's English MediumSchool ,Unaided Recognised,1 - 4,LP,Kozhikode city ,,,,
677,17267,"Providence Junior School,Kozhikode ",Unaided Recognised,1 - 4,LP,Kozhikode city ,,,,
678,17034,G. H. S. S Iringallur ,Government,1 - 12,"LP, UP, HS, HSS",Kozhikode rural ,,,,
679,17054,G. H. S. S. Kuttikattur ,Government,5 - 12,"UP, HS, HSS",Kozhikode rural ,,,,
680,17059,G. H. S. S. Medical CollegeCampus ,Government,1 - 12,"LP, UP, HS, HSS",Kozhikode rural ,,,,
681,17062,G. H. S. S Peringolam ,Government,1 - 12,"LP, UP, HS, HSS",Kozhikode rural ,,,,
682,17083,G. H. S. S. Mavoor ,Government,8 - 12,"HS, HSS",Kozhikode rural ,,,,
683,17110,"E M S Govt HighSchool,Perumanna ",Government,8 - 12,"HS, HSS",Kozhikode rural ,,,,
684,17301,G. L. P. S. Cheruppa ,Government,1 - 4,LP,Kozhikode rural ,,,,
685,17302,G. L. P. S. Cherukulathur ,Government,1 - 4,LP,Kozhikode rural ,,,,
686,17303,G. L. P. S. Kanniparmba ,Government,1 - 4,LP,Kozhikode rural ,,,,
687,17304,G. L. P. S. Koodathumpara ,Government,1 - 4,LP,Kozhikode rural ,,,,
688,17305,G. L. P. S. Mundakkal ,Government,1 - 4,LP,Kozhikode rural ,,,,
689,17306,G. L. P. S. Olavanna ,Government,1 - 4,LP,Kozhikode rural ,,,,
690,17307,G. L. P. S. Payyadimeethal ,Government,1 - 4,LP,Kozhikode rural ,,,,
691,17308,G. L. P. S. Valayannur ,Government,1 - 4,LP,Kozhikode rural ,,,,
692,17309,G. L. P. S. Velliparamba ,Government,1 - 4,LP,Kozhikode rural ,,,,
693,17320,G L P S IRINGALLUR ,Government,1 - 4,LP,Kozhikode rural ,,,,
694,17332,G. U. P. S. Kodal ,Government,1 - 7,"LP, UP",Kozhikode rural ,,,,
695,17333,G. U. P. S. Manakkad ,Government,1 - 7,"LP, UP",Kozhikode rural ,,,,
696,17334,G. M. U. P. S. Mavoor ,Government,1 - 7,"LP, UP",Kozhikode rural ,,,,
697,99934,Sampoorna Test SchoolKozhikode ,Government,5 - 10,"UP, HS",Kozhikode rural ,,,,
698,17006,Pantheerankave H. S. ,Aided,5 - 12,"UP, HS, HSS",Kozhikode rural ,,,,
699,17052,SAVIO H. S. S. Devagiri ,Aided,5 - 12,"UP, HS, HSS",Kozhikode rural ,,,,
700,17310,A. L. P. S. Aduvad ,Aided,1 - 4,LP,Kozhikode rural ,,,,
701,17311,A. L. P. S. Cherukulathur East ,Aided,1 - 4,LP,Kozhikode rural ,,,,
702,17312,A. L. P. S. Kanniparamba ,Aided,1 - 4,LP,Kozhikode rural ,,,,
703,17313,A. L. P. S. Kayalam ,Aided,1 - 4,LP,Kozhikode rural ,,,,
704,17314,A. L. P. S. Kunnamkulangara ,Aided,1 - 4,LP,Kozhikode rural ,,,,
705,17315,A. L. P. S. Kuttikattur ,Aided,1 - 4,LP,Kozhikode rural ,,,,
706,17316,A. L. P. S. Moorkkanad ,Aided,1 - 4,LP,Kozhikode rural ,,,,
707,17317,A. L. P. S. Naduvattom ,Aided,1 - 4,LP,Kozhikode rural ,,,,
708,17318,A. L. P. S. Odumbra ,Aided,1 - 4,LP,Kozhikode rural ,,,,
709,17319,A. L. P. S. Olavanna ,Aided,1 - 4,LP,Kozhikode rural ,,,,
710,17321,A. L. P. S. Paingottupuram ,Aided,1 - 4,LP,Kozhikode rural ,,,,
711,17322,A. L. P. S. Perumanna ,Aided,1 - 4,LP,Kozhikode rural ,,,,
712,17323,A T AHAMMED MEMORIAL ALPSCHOOL POOVATTUPARAMBA ,Aided,1 - 4,LP,Kozhikode rural ,,,,
713,17324,A. L. P. S. Savio Devagiri ,Aided,1 - 4,LP,Kozhikode rural ,,,,
714,17325,A. M. L. P. S. Arathilparamba ,Aided,1 - 4,LP,Kozhikode rural ,,,,
715,17326,A. M. L. P. S. Kailamadam ,Aided,1 - 4,LP,Kozhikode rural ,,,,
716,17327,A. M. L. P. S. Kuttikattur ,Aided,1 - 4,LP,Kozhikode rural ,,,,
717,17328,A. M. L. P. S. Thumbayil ,Aided,1 - 4,LP,Kozhikode rural ,,,,
718,17329,A. M. L. P. S. Vellayicode ,Aided,1 - 4,LP,Kozhikode rural ,,,,
719,17330,A. M. L. P. S. Velliparamba ,Aided,1 - 4,LP,Kozhikode rural ,,,,
720,17331,A. L. P. S. Kovoor ,Aided,1 - 5,"LP, UP",Kozhikode rural ,,,,
721,17335,A. M. U. P. S. Kambliparamba ,Aided,1 - 7,"LP, UP",Kozhikode rural ,,,,
722,17336,A. M. U. P. S. Kunnamkulangara ,Aided,1 - 7,"LP, UP",Kozhikode rural ,,,,
723,17337,A. M. U. P. S. Puthurmadam ,Aided,1 - 7,"LP, UP",Kozhikode rural ,,,,
724,17338,A. U. P. S. Pantheerankavu ,Aided,1 - 7,"LP, UP",Kozhikode rural ,,,,
725,17339,K. C. M. U. P. S. Kachilatt ,Aided,1 - 7,"LP, UP",Kozhikode rural ,,,,
726,17340,St. Xavier`s U. P.S. Peruvayal ,Aided,1 - 7,"LP, UP",Kozhikode rural ,,,,
727,17023,CALICUT ISLAMIC RESIDENTIAL H.S. S ,Unaided Recognised,1 - 12,"LP, UP, HS, HSS",Kozhikode rural ,,,,
728,17109,Crescent Public School Mavoor ,Unaided Recognised,1 -10,"LP, UP, HS",Kozhikode rural ,,,,
729,17115,"Saraswathi Vidya NikethanEnglish Medium High School,Pantheerankavu ",Unaided Recognised,1 -10,"LP, UP, HS",Kozhikode rural ,,,,
730,17344,"Emerald EM School, Palazhi ",Unaided Recognised,1 - 4,LP,Kozhikode rural ,,,,
731,17345,"Gayathri Vidyanikethan,Peruvayal ",Unaided Recognised,1 - 4,LP,Kozhikode rural ,,,,
732,17346,"Hidaya E M School , Palazhi ",Unaided Recognised,1 - 7,"LP, UP",Kozhikode rural ,,,,
733,17347,I C C English Medium School ,Unaided Recognised,1 - 4,LP,Kozhikode rural ,,,,
734,17707,PRASANTHI SCHOOL FOR CHILDRENWITH SPECIAL NEEDS ,Unaided Recognised,1 - 7,"LP, UP",Kozhikode rural ,,,,
735,42296,Devagiri C M I Public School ,Unaided Recognised,1 - 12,"LP, UP, HS, HSS",Kozhikode rural ,,,,
736,42300,"Ashakiran School for thediffrently abled, Devagiri ",Unaided Recognised,1 -10,"LP, UP, HS",Kozhikode rural ,,,,
737,17030,Govt. Boys H. S.S.Parayanchery & G.V.H.S.SPuthiyara ,Government,5 - 12,"UP, HS, HSS",Chevazhur,,,,
738,17033,Govt. Girls H. S. Parayancheri ,Government,5 - 12,"UP, HS, HSS",Chevazhur,,,,
739,17049,N G O Quarters H S SVellimadukunnu ,Government,1 - 12,"LP, UP, HS, HSS",Chevazhur,,,,
740,17057,G. F. H. S. S. Puthiyappa ,Government,1 - 12,"LP, UP, HS, HSS",Chevazhur,,,,
741,17081,G. H. S. Kakkodi ,Government,8 - 12,"HS, HSS",Chevazhur,,,,
742,17100,G. H. S. Kunduparamba ,Government,1 - 12,"LP, UP, HS, HSS",Chevazhur,,,,
743,17401,G. L. P. S. Annassery ,Government,1 - 4,LP,Chevazhur,,,,
744,17402,G. L. P. S. ChelannurThamarassery ,Government,1 - 4,LP,Chevazhur,,,,
745,17403,G. L. P. S. Chevayur ,Government,1 - 4,LP,Chevazhur,,,,
746,17404,G. L. P. S. Kakkodi ,Government,1 - 4,LP,Chevazhur,,,,
747,17405,G. L. P. S. Kottooli ,Government,1 - 4,LP,Chevazhur,,,,
748,17406,G. L. P. S. Parayancheri ,Government,1 - 4,LP,Chevazhur,,,,
749,17407,G. L. P. S. Vengeri ,Government,1 - 4,LP,Chevazhur,,,,
750,17408,G. L. P. S Chelavur ,Government,1 - 4,LP,Chevazhur,,,,
751,17409,K T Muhammed Smaraka G L P SPUTHIYANGADI ,Government,1 - 4,LP,Chevazhur,,,,
752,17410,G. M. L. P. S. Elathur ,Government,1 - 4,LP,Chevazhur,,,,
753,17411,G. M. L. P. S. Thalakkulathur ,Government,1 - 4,LP,Chevazhur,,,,
754,17412,G. W. L. P. S. Palath ,Government,1 - 4,LP,Chevazhur,,,,
755,17443,G. L. P. S. Eranhikkal ,Government,1 - 5,"LP, UP",Chevazhur,,,,
756,17444,G. L. P. S. Varuthur ,Government,1 - 5,"LP, UP",Chevazhur,,,,
757,17449,G. M. U. P. S. Puthiyangadi ,Government,1 - 7,"LP, UP",Chevazhur,,,,
758,17450,G. U. P. S. Iruvallur ,Government,1 - 7,"LP, UP",Chevazhur,,,,
759,17451,G. U. P. S. Padinhattummuri ,Government,1 - 7,"LP, UP",Chevazhur,,,,
760,17452,G. U. P. S. Westhill ,Government,1 - 7,"LP, UP",Chevazhur,,,,
761,17472,"Kakkodi Grama Panchayath,Govt. U. P. S. Ottathengu ",Government,5 -7,UP,Chevazhur,,,,
762,17048,J D T Islam H S S Merikkunnu ,Aided,5 - 12,"UP, HS, HSS",Chevazhur,,,,
763,17055,C. M. C. Boys. H. S. Elathur ,Aided,5 - 10,"UP, HS",Chevazhur,,,,
764,17056,C. M. C. Girls. H. S. Elathur ,Aided,5 - 10,"UP, HS",Chevazhur,,,,
765,17058,P. V. S. H. S. Eranhikkal ,Aided,8 - 12,"HS, HSS",Chevazhur,,,,
766,17073,A. K. K. R. Boys. H. S.Chelannur ,Aided,5 - 10,"UP, HS",Chevazhur,,,,
767,17074,A K K R Girls H S S. Chelannur ,Aided,5 - 12,"UP, HS, HSS",Chevazhur,,,,
768,17086,C. M. M. H. S. Thalakkulathur ,Aided,8 - 12,"HS, HSS",Chevazhur,,,,
769,17107,Sree narayana Trusts. H. S. S. ,Aided,8 - 12,"HS, HSS",Chevazhur,,,,
770,17413,A. L. P. S. Muthuvad ,Aided,1 - 4,LP,Chevazhur,,,,
771,17414,A. L. P. S. Palath ,Aided,1 - 4,LP,Chevazhur,,,,
772,17415,A. M. L. P. S. Kottamparamba ,Aided,1 - 4,LP,Chevazhur,,,,
773,17416,A. P. L. P. S. Elathur ,Aided,1 - 4,LP,Chevazhur,,,,
774,17417,A. L. P. S. Badirur ,Aided,1 - 4,LP,Chevazhur,,,,
775,17418,B. E. M.A.L. P. S. Annasseri ,Aided,1 - 4,LP,Chevazhur,,,,
776,17419,A. L. P. S. Chelannur ,Aided,1 - 4,LP,Chevazhur,,,,
777,17420,A. M. L. P. S. ChelavurMuzhikkal ,Aided,1 - 4,LP,Chevazhur,,,,
778,17421,Edakkad Union A. L. P. S.  ,Aided,1 - 4,LP,Chevazhur,,,,
779,17422,National A. L. P. S. Elathur ,Aided,1 - 4,LP,Chevazhur,,,,
780,17423,H. I. L. P. S. Eranhikal ,Aided,1 - 4,LP,Chevazhur,,,,
781,17424,J. D. T. Islam .A.L. P. S.Merikkunnu ,Aided,1 - 4,LP,Chevazhur,,,,
782,17425,A. M. L. P. S. Kandannur ,Aided,1 - 4,LP,Chevazhur,,,,
783,17426,A. L. P. S. Karannur ,Aided,1 - 4,LP,Chevazhur,,,,
784,17427,A. L. P. S. Makkada ,Aided,1 - 4,LP,Chevazhur,,,,
785,17428,A. L. P. S. Makkada Perinchila ,Aided,1 - 4,LP,Chevazhur,,,,
786,17429,A. L. P. S. Makkada West ,Aided,1 - 4,LP,Chevazhur,,,,
787,17430,A. L. P. S. Manathanath ,Aided,1 - 4,LP,Chevazhur,,,,
788,17431,A. M. L. P. S. Mayanad ,Aided,1 - 4,LP,Chevazhur,,,,
789,17432,M. I. L. P. S. Annasseri ,Aided,1 - 4,LP,Chevazhur,,,,
790,17433,M. I. L. P. S. Kakkodi ,Aided,1 - 4,LP,Chevazhur,,,,
791,17434,A. L. P. S. Mokavoor ,Aided,1 - 4,LP,Chevazhur,,,,
792,17435,A. L. P. S. Morikkara ,Aided,1 - 4,LP,Chevazhur,,,,
793,17436,A. M. L. P. S. Puthiyanirathu ,Aided,1 - 4,LP,Chevazhur,,,,
794,17437,St. Filomina's A. L. P. S.  ,Aided,1 - 4,LP,Chevazhur,,,,
795,17438,Sethu Sitharam A. L. P. S.  ,Aided,1 - 4,LP,Chevazhur,,,,
796,17439,Sreekrishna Sahayam A .L. P.S ,Aided,1 - 4,LP,Chevazhur,,,,
797,17440,Sreekumarasram A. L. P. S.  ,Aided,1 - 4,LP,Chevazhur,,,,
798,17441,Sreevidyamandiram A. L. P. S.  ,Aided,1 - 4,LP,Chevazhur,,,,
799,17442,Union A. L. P. S. Palath ,Aided,1 - 4,LP,Chevazhur,,,,
800,17445,A. L.. P. S. Gurudevavilasam ,Aided,1 - 5,"LP, UP",Chevazhur,,,,
801,17446,A. M. L. P. S. Poolakkadavu ,Aided,1 - 5,"LP, UP",Chevazhur,,,,
802,17447,A. L. P. S. Gnanodayam ,Aided,1 - 5,"LP, UP",Chevazhur,,,,
803,17448,A. L. P. S. Prabhakaravilasam ,Aided,1 - 5,"LP, UP",Chevazhur,,,,
804,17453,A. U. P. S. Makkancheri ,Aided,1 - 7,"LP, UP",Chevazhur,,,,
805,17454,A. U. P. S. Puthur ,Aided,1 - 7,"LP, UP",Chevazhur,,,,
806,17455,B. E. M. U. P. S. Puthiyangadi ,Aided,1 - 7,"LP, UP",Chevazhur,,,,
807,17456,Certified U. P. S. Merikkunnu ,Aided,1 - 7,"LP, UP",Chevazhur,,,,
808,17457,A. U. P. S. Chevayur ,Aided,1 - 7,"LP, UP",Chevazhur,,,,
809,17458,A. U. P. S. Cholappurath ,Aided,1 - 7,"LP, UP",Chevazhur,,,,
810,17459,Ganapath. A. U. P. S.Kuthiravattom ,Aided,1 - 7,"LP, UP",Chevazhur,,,,
811,17460,A. U. P. S. Ichannur. ,Aided,1 - 7,"LP, UP",Chevazhur,,,,
812,17461,A. U. P. S. Kirallur ,Aided,1 - 7,"LP, UP",Chevazhur,,,,
813,17462,A. U. P. S. Kottooli ,Aided,1 - 7,"LP, UP",Chevazhur,,,,
814,17463,A.U.P.S Mayanad ,Aided,1 - 7,"LP, UP",Chevazhur,,,,
815,17464,Sreenarayana vilasam A.U.P.S ,Aided,1 - 7,"LP, UP",Chevazhur,,,,
816,17465,A.U.P.S. Vengery ,Aided,1 - 7,"LP, UP",Chevazhur,,,,
817,17470,A. U. P. S. Chelannur ,Aided,5 -7,UP,Chevazhur,,,,
818,17471,Janatha A. U. P. S. Palath ,Aided,5 -7,UP,Chevazhur,,,,
819,17473,Karannur U. P School ,Aided,5 -7,UP,Chevazhur,,,,
820,17474,MATHRUBANDHU VIDYASALA A.U.PSCHOOL ,Aided,5 -7,UP,Chevazhur,,,,
821,17475,R. A. K. M. A. U. P. S. ,Aided,5 -7,UP,Chevazhur,,,,
822,17476,Vijayalakshmi A. U. P. S. ,Aided,5 -7,UP,Chevazhur,,,,
823,17801,"RAHMANIYA SCHOOL FORHANDICAPPED, CALICUT-8 ",Aided,1 - 12,"LP, UP, HS, HSS",Chevazhur,,,,
824,17032,Chinmaya E. M. H. S. S. ,Unaided Recognised,1 - 12,"LP, UP, HS, HSS",Chevazhur,,,,
825,17051,Silver Hills H. S. S. ,Unaided Recognised,1 - 12,"LP, UP, HS, HSS",Chevazhur,,,,
826,17053,Presentation H. S. S. ,Unaided Recognised,1 - 12,"LP, UP, HS, HSS",Chevazhur,,,,
827,17113,"SARASWATHI VIDYA MANDIRAMENGLISH MEDIUM HIGH SCHOOL,KOTTOOLI ",Unaided Recognised,1 -10,"LP, UP, HS",Chevazhur,,,,
828,17467,Eden U. P. S. ,Unaided Recognised,1 - 7,"LP, UP",Chevazhur,,,,
829,17468,Guardian`s E. M. S. Athanikkal ,Unaided Recognised,1 - 7,"LP, UP",Chevazhur,,,,
830,17469,S. D. S. M. E. M. School ,Unaided Recognised,1 - 7,"LP, UP",Chevazhur,,,,
831,17477,ST.JOSEPH'S ENGLISH MEDIUMSCHOOL MARIKUNNU ,Unaided Recognised,1 - 7,"LP, UP",Chevazhur,,,,
832,17035,G. H. S. S. Beypore ,Government,5 - 12,"UP, HS, HSS",Feroke,,,,
833,17036,G. R. F. T. H. S. And V. H. S.S. Beypore ,Government,8 - 10,HS,Feroke,,,,
834,17075,G. G. V. H. S. S. Feroke ,Government,5 - 12,"UP, HS, HSS",Feroke,,,,
835,17093,G. V. H. S. S. Cheruvannur ,Government,1 - 12,"LP, UP, HS, HSS",Feroke,,,,
836,17111,G H S Nallalam  ,Government,1 -10,"LP, UP, HS",Feroke,,,,
837,17502,G. L. P. S. Beypore South ,Government,1 - 4,LP,Feroke,,,,
838,17503,G. L. P. S. Mukkathukadavu ,Government,1 - 4,LP,Feroke,,,,
839,17504,G. L. P. S. West Nallur ,Government,1 - 4,LP,Feroke,,,,
840,17505,G. L. P. S. Beypore West ,Government,1 - 4,LP,Feroke,,,,
841,17506,G. L. P. S. Chaliyam ,Government,1 - 4,LP,Feroke,,,,
842,17507,G. L. P. S. Nallur ,Government,1 - 4,LP,Feroke,,,,
843,17508,G. M. L. P. S. Karinkallai ,Government,1 - 4,LP,Feroke,,,,
844,17509,G. M. L. P. S. Karuvanthuruthi ,Government,1 - 4,LP,Feroke,,,,
845,17532,Govt. Fisheries L. P. S.Chaliyam ,Government,1 - 5,"LP, UP",Feroke,,,,
846,17533,G. F. L. P. S. Naduvattam ,Government,1 - 5,"LP, UP",Feroke,,,,
847,17534,G. L. P. S. Kadalundi ,Government,1 - 5,"LP, UP",Feroke,,,,
848,17535,G. L. P. S. Beypore ,Government,1 - 5,"LP, UP",Feroke,,,,
849,17536,G. W. L. P. S. Feroke ,Government,1 - 5,"LP, UP",Feroke,,,,
850,17538,G. G. U. P. S. Feroke ,Government,1 - 7,"LP, UP",Feroke,,,,
851,17539,G. M. U. P. S. Feroke ,Government,1 - 7,"LP, UP",Feroke,,,,
852,17541,G. U. P. S. Ramanattukara ,Government,1 - 7,"LP, UP",Feroke,,,,
853,17542,G. U. P. S. Naduvattam ,Government,1 - 7,"LP, UP",Feroke,,,,
854,17558,GLPS KARINKALLAI ,Government,1 - 4,LP,Feroke,,,,
855,17076,"Farook Higher SecondarySchool, Farook College (PO) ",Aided,5 - 12,"UP, HS, HSS",Feroke,,,,
856,17078,U. H. H. S. S. Chaliyam ,Aided,5 - 12,"UP, HS, HSS",Feroke,,,,
857,17079,"Sevamandir Post Basic School,Ramanattukara ",Aided,8 - 12,"HS, HSS",Feroke,,,,
858,17097,C. M. High School Mannur ,Aided,8 - 12,"HS, HSS",Feroke,,,,
859,17510,Calicut Orphanage A. L. P. S.Kolathara ,Aided,1 - 4,LP,Feroke,,,,
860,17512,Cheruvannur West A.L.P.S ,Aided,1 - 4,LP,Feroke,,,,
861,17513,Farook A. L. P. S. FarookCollege (PO) ,Aided,1 - 4,LP,Feroke,,,,
862,17514,I. E. M. L. P. S. Thumbapadam ,Aided,1 - 4,LP,Feroke,,,,
863,17515,Jinarajadas A. L. P. S.Naduvattam ,Aided,1 - 4,LP,Feroke,,,,
864,17516,Kacheripparamba A. M. L. P. S.Kolathara ,Aided,1 - 4,LP,Feroke,,,,
865,17517,Kadalundi A. L. P. S. ,Aided,1 - 4,LP,Feroke,,,,
866,17518,Kadalundi A. M. L. P. S. ,Aided,1 - 4,LP,Feroke,,,,
867,17519,Karinkallai A. L. P. S. ,Aided,1 - 4,LP,Feroke,,,,
868,17520,M. I. A. M. L. P. S.Perumugham ,Aided,1 - 4,LP,Feroke,,,,
869,17521,M. K. A. M. L. P. S. Mannur ,Aided,1 - 4,LP,Feroke,,,,
870,17522,M. M. L. P. S. Chaliyam ,Aided,1 - 4,LP,Feroke,,,,
871,17523,Nallalam A. L. P. S. Areekkad ,Aided,1 - 4,LP,Feroke,,,,
872,17524,"Nallur Narayana L. P. B. S.,Feroke ",Aided,1 - 4,LP,Feroke,,,,
873,17525,Padmaraj A. L. P. S. Mannur ,Aided,1 - 4,LP,Feroke,,,,
874,17526,"Puttekkad A. M. L. P. S.,Feroke ",Aided,1 - 4,LP,Feroke,,,,
875,17527,Mannur St. Pauls A. L. P. S. ,Aided,1 - 4,LP,Feroke,,,,
876,17528,T.M.Madrassa A.L.P.S.Kolathara ,Aided,1 - 4,LP,Feroke,,,,
877,17529,Thattadathumkave A. M. L. P.S. Naduvattam ,Aided,1 - 4,LP,Feroke,,,,
878,17530,Karinkallai V. P. A. L. P. S.  ,Aided,1 - 4,LP,Feroke,,,,
879,17537,Govindavilas A. L. P. SNaduvattam ,Aided,1 - 5,"LP, UP",Feroke,,,,
880,17543,A. E. A. U. P. B. S.Ramanattukara ,Aided,1 - 7,"LP, UP",Feroke,,,,
881,17544,"Athmavidya Sangham U. P .S.,Cheruvannur ",Aided,1 - 7,"LP, UP",Feroke,,,,
882,17545,B. E. M. U. P. S. Feroke ,Aided,1 - 7,"LP, UP",Feroke,,,,
883,17546,Kadalundi Sreedevi A. U. P. S.Chaliyam (PO) ,Aided,1 - 7,"LP, UP",Feroke,,,,
884,17547,Little Flower A. U. P. S.Cheruvannur ,Aided,1 - 7,"LP, UP",Feroke,,,,
885,17548,Mannur Krishna A. U. P. S.Kadalundi ,Aided,1 - 7,"LP, UP",Feroke,,,,
886,17549,Mannur North A. U. P. S. ,Aided,1 - 7,"LP, UP",Feroke,,,,
887,17550,Nallur East A. U. P. S.Perumugham ,Aided,1 - 7,"LP, UP",Feroke,,,,
888,17551,B. M. O. U. P. S.Karuvanthuruthi ,Aided,5 -7,UP,Feroke,,,,
889,17554,Nallalam A. U P S.  ,Aided,5 -7,UP,Feroke,,,,
890,17555,Ganapat A. U. P. S.Karinkallai ,Aided,5 -7,UP,Feroke,,,,
891,17556,Ganapat A. U. P. S.Ramanattukara ,Aided,5 -7,UP,Feroke,,,,
892,17563,"Calicut H. S. S. ForHandicapped, Kolathara ",Aided,1 - 12,"LP, UP, HS, HSS",Feroke,,,,
893,17077,Venerini E. M. H. S. S. ,Unaided Recognised,1 - 12,"LP, UP, HS, HSS",Feroke,,,,
894,17108,"Calicut Orphanage H. S.,Kolathara ",Unaided Recognised,5 - 10,"UP, HS",Feroke,,,,
895,17112,QADISIYA ENGLISH SCHOOL ,Unaided Recognised,1 -10,"LP, UP, HS",Feroke,,,,
896,17114,NIVEDITHA VIDYA PEEDAM ENGLISHMEDIUM HIGH SCHOOL ,Unaided Recognised,1 -10,"LP, UP, HS",Feroke,,,,
897,17531,Salafi E. M. L. P. SchoolMathottam ,Unaided Recognised,1 - 4,LP,Feroke,,,,
898,17552,Hajee P. B. M. K. U. P. S.Chaliyam ,Unaided Recognised,1 - 7,"LP, UP",Feroke,,,,
899,17553,N. S. S. U. P. S. Beypore ,Unaided Recognised,5 -7,UP,Feroke,,,,
900,17557,M. M. J. U. P. SchoolKadalundi ,Unaided Recognised,1 - 7,"LP, UP",Feroke,,,,
901,17565,"I.E.M.U.P. School,Thumbappadam ",Unaided Recognised,5 -7,UP,Feroke,,,,
902,17567,MIFTHAHUL ULOOM ENGLISH MEDIUMSCHOOL ,Unaided Recognised,1 - 7,"LP, UP",Feroke,,,,
903,47063,G H S S Payambra ,Government,1 - 12,"LP, UP, HS, HSS",Kunnamangalam,,,,
904,47069,GHSS Nayarkuzhi ,Government,1 - 12,"LP, UP, HS, HSS",Kunnamangalam,,,,
905,47080,R E C G V H S S Chathamangalam ,Government,1 - 12,"LP, UP, HS, HSS",Kunnamangalam,,,,
906,47109,GHSS Parambil ,Government,8 - 12,"HS, HSS",Kunnamangalam,,,,
907,47201,GLPS Chathamangalam ,Government,1 - 4,LP,Kunnamangalam,,,,
908,47202,GWLPS Chathamangalam ,Government,1 - 4,LP,Kunnamangalam,,,,
909,47203,GLPS Chenoth ,Government,1 - 4,LP,Kunnamangalam,,,,
910,47204,GLPS Earimala ,Government,1 - 4,LP,Kunnamangalam,,,,
911,47205,GLPS Padanilam ,Government,1 - 4,LP,Kunnamangalam,,,,
912,47206,GWLPS Payambra ,Government,1 - 4,LP,Kunnamangalam,,,,
913,47207,GLPS Poolakode ,Government,1 - 4,LP,Kunnamangalam,,,,
914,47208,GLPS Pullannur ,Government,1 - 4,LP,Kunnamangalam,,,,
915,47209,GLPS Pullannur New ,Government,1 - 4,LP,Kunnamangalam,,,,
916,47210,GLPS Vellannur ,Government,1 - 4,LP,Kunnamangalam,,,,
917,47060,Kunnamangalam HSSKunnamangalam ,Aided,5 - 12,"UP, HS, HSS",Kunnamangalam,,,,
918,47061,Markaz HSS Karanthur ,Aided,5 - 12,"UP, HS, HSS",Kunnamangalam,,,,
919,47102,Markaz Girls HS Karanthur ,Aided,5 - 12,"UP, HS, HSS",Kunnamangalam,,,,
920,47211,AMLPS Cheruvatta ,Aided,1 - 4,LP,Kunnamangalam,,,,
921,47212,ALPS Choolur ,Aided,1 - 4,LP,Kunnamangalam,,,,
922,47213,SGM ALPS Karanthur ,Aided,1 - 4,LP,Kunnamangalam,,,,
923,47214,ALPS Kizhur ,Aided,1 - 4,LP,Kunnamangalam,,,,
924,47215,ALPS Kolai ,Aided,1 - 4,LP,Kunnamangalam,,,,
925,47216,ALPS Konott ,Aided,1 - 4,LP,Kunnamangalam,,,,
926,47217,AMLPS Kunnamangalam ,Aided,1 - 4,LP,Kunnamangalam,,,,
927,47218,ALPS Kuruvattur West ,Aided,1 - 4,LP,Kunnamangalam,,,,
928,47219,AMLPS Kuruvattur West ,Aided,1 - 4,LP,Kunnamangalam,,,,
929,47220,ALPS Mavoor ,Aided,1 - 4,LP,Kunnamangalam,,,,
930,47221,ALPS Payambra ,Aided,1 - 4,LP,Kunnamangalam,,,,
931,47222,ALPS Peruvazhikadave ,Aided,1 - 4,LP,Kunnamangalam,,,,
932,47223,AMLPS Polur ,Aided,1 - 4,LP,Kunnamangalam,,,,
933,47224,AMLPS Thathur ,Aided,1 - 4,LP,Kunnamangalam,,,,
934,47225,ALPS Kalarikandy ,Aided,1 - 5,"LP, UP",Kunnamangalam,,,,
935,47226,AMLPS Karanthur ,Aided,1 - 5,"LP, UP",Kunnamangalam,,,,
936,47227,AMLPS Parambil ,Aided,1 - 5,"LP, UP",Kunnamangalam,,,,
937,47228,ALPS Polur ,Aided,1 - 5,"LP, UP",Kunnamangalam,,,,
938,47229,AUPS Choolur ,Aided,1 - 7,"LP, UP",Kunnamangalam,,,,
939,47230,AUPS Koozhakode ,Aided,1 - 7,"LP, UP",Kunnamangalam,,,,
940,47231,AUPS Kunnamangalam ,Aided,1 - 7,"LP, UP",Kunnamangalam,,,,
941,47232,AUPS Kunnamangalam East ,Aided,1 - 7,"LP, UP",Kunnamangalam,,,,
942,47233,AUPS Kuruvattur ,Aided,1 - 7,"LP, UP",Kunnamangalam,,,,
943,47234,AMUPS Makkoottam ,Aided,1 - 7,"LP, UP",Kunnamangalam,,,,
944,47235,AUPS Malayamma ,Aided,1 - 7,"LP, UP",Kunnamangalam,,,,
945,47236,MAMUPS Parambilkadave ,Aided,1 - 7,"LP, UP",Kunnamangalam,,,,
946,47237,AUPS Pazhur ,Aided,1 - 7,"LP, UP",Kunnamangalam,,,,
947,47238,AUPS Pilassery ,Aided,1 - 7,"LP, UP",Kunnamangalam,,,,
948,47239,AUPS Chathamangalam ,Aided,5 -7,UP,Kunnamangalam,,,,
949,99935,Sampoorna Test SchoolThamarassery ,Aided,1 -10,"LP, UP, HS",Kunnamangalam,,,,
950,47241,St. Aloysious E.M.L.P. School ,Unaided Recognised,1 - 4,LP,Kunnamangalam,,,,
951,47242,AL NAJATH LP SCHOOL EMKALANTHODE ,Unaided Recognised,1 - 4,LP,Kunnamangalam,,,,
952,47243,AL JAUHAR PUBLIC SCHOOL EMPATHIMANGALAM ,Unaided Recognised,1 - 4,LP,Kunnamangalam,,,,
953,47244,Sri Aravinda Vidya Nikethan ,Unaided Recognised,1 - 4,LP,Kunnamangalam,,,,
954,47250,"Auxilium Nava Jyoti School,Kunnamangalam ",Unaided Recognised,11 - 12,HSS,Kunnamangalam,,,,
955,47042,GHSS Neeleswaram ,Government,1 - 12,"LP, UP, HS, HSS",Mukkam,,,,
956,47116,G H S Cheruvadi ,Government,1 - 12,"LP, UP, HS, HSS",Mukkam,,,,
957,47301,GLPS Poolappoyil ,Government,1 - 4,LP,Mukkam,,,,
958,47302,GLPS Thazhakode ,Government,1 - 4,LP,Mukkam,,,,
959,47308,GLPS Chullikkaparamba ,Government,1 - 4,LP,Mukkam,,,,
960,47309,GLPS Kazhuthuttipuraya ,Government,1 - 4,LP,Mukkam,,,,
961,47310,GLPS Pannicode ,Government,1 - 4,LP,Mukkam,,,,
962,47311,GLPS Karakkutty ,Government,1 - 4,LP,Mukkam,,,,
963,47312,GLPS Manjakkadavu ,Government,1 - 4,LP,Mukkam,,,,
964,47313,G L P S Poovaranthode ,Government,1 - 4,LP,Mukkam,,,,
965,47314,GTLPS Koombara ,Government,1 - 4,LP,Mukkam,,,,
966,47315,GLPS Kakkadampoyil ,Government,1 - 4,LP,Mukkam,,,,
967,47318,GLPS Anayamkunnu ,Government,1 - 4,LP,Mukkam,,,,
968,47319,GLPS Kumaranallur ,Government,1 - 4,LP,Mukkam,,,,
969,47320,GLPS Kakkad ,Government,1 - 4,LP,Mukkam,,,,
970,47323,GLPS Anakkampoyil ,Government,1 - 4,LP,Mukkam,,,,
971,47324,GLPS Thondimmal ,Government,1 - 4,LP,Mukkam,,,,
972,47329,GMLPS Chathavennacode ,Government,1 - 4,LP,Mukkam,,,,
973,47336,GMUPS Kodiyathur ,Government,1 - 7,"LP, UP",Mukkam,,,,
974,47337,GUPS Thottumukkam ,Government,1 - 7,"LP, UP",Mukkam,,,,
975,47339,GMUPS Chennamangallur ,Government,1 - 7,"LP, UP",Mukkam,,,,
976,47340,GUPS Manassery ,Government,1 - 7,"LP, UP",Mukkam,,,,
977,47341,G U P S Muthery ,Government,1 - 7,"LP, UP",Mukkam,,,,
978,47039,Holy Family H S S Venappara ,Aided,8 - 12,"HS, HSS",Mukkam,,,,
979,47040,Sacred Heart HSS Thiruvambady ,Aided,5 - 12,"UP, HS, HSS",Mukkam,,,,
980,47041,St. Sebastian`s HS Punnakkal ,Aided,8 - 10,HS,Mukkam,,,,
981,47043,St. Thomas HS Thottumukkam ,Aided,8 - 12,"HS, HSS",Mukkam,,,,
982,47044,Marygiri HS Maramchatty ,Aided,8 - 10,HS,Mukkam,,,,
983,47045,Fathimabi Memorial HS Koombara ,Aided,5 - 12,"UP, HS, HSS",Mukkam,,,,
984,47046,St. Mary`s HS Kakkadampoil ,Aided,5 - 10,"UP, HS",Mukkam,,,,
985,47047,St. Sebastians H S SKoodaranhi ,Aided,5 - 12,"UP, HS, HSS",Mukkam,,,,
986,47066,Mokkam HS Mokkam ,Aided,5 - 12,"UP, HS, HSS",Mukkam,,,,
987,47067,VMHMHS Anayamkunnu ,Aided,5 - 12,"UP, HS, HSS",Mukkam,,,,
988,47068,Chennamangallur HSS ,Aided,8 - 12,"HS, HSS",Mukkam,,,,
989,47085,St. Joseph`s HS Pulloorampara ,Aided,8 - 12,"HS, HSS",Mukkam,,,,
990,47087,MKH MMO VHSS For Girls Mukkam ,Aided,5 - 12,"UP, HS, HSS",Mukkam,,,,
991,47089,MKH MMO HSS Manassery ,Aided,5 - 12,"UP, HS, HSS",Mukkam,,,,
992,47098,P T M H S Kodiyathur ,Aided,8 - 12,"HS, HSS",Mukkam,,,,
993,47303,ALPS Katchery ,Aided,1 - 4,LP,Mukkam,,,,
994,47304,MMOLPS Mukkam ,Aided,1 - 4,LP,Mukkam,,,,
995,47305,MMOLPS Nellikkunnu ,Aided,1 - 4,LP,Mukkam,,,,
996,47306,St. Thomas LPS Neeleswaram ,Aided,1 - 4,LP,Mukkam,,,,
997,47316,DUALPS Thazhe Koodaranhi ,Aided,1 - 4,LP,Mukkam,,,,
998,47317,LFLPS Pushpagiri ,Aided,1 - 4,LP,Mukkam,,,,
999,47321,FMLPS Thekkumkutty ,Aided,1 - 4,LP,Mukkam,,,,
1000,47322,CHMLPS Nellikkaparambu ,Aided,1 - 4,LP,Mukkam,,,,
1001,47325,St. Sebastian`s LPSMuthappanpuzha ,Aided,1 - 4,LP,Mukkam,,,,
1002,47326,St. Sebastian`s LPS Koodaranhi ,Aided,1 - 4,LP,Mukkam,,,,
1003,47327,SNM ALPS Ponnamkayam ,Aided,1 - 4,LP,Mukkam,,,,
1004,47328,MAM ALPS Vilakkamthode ,Aided,1 - 4,LP,Mukkam,,,,
1005,47331,ALPS Muthalath ,Aided,1 - 5,"LP, UP",Mukkam,,,,
1006,47332,Sacred Heart U P SThiruvambady ,Aided,1 - 7,"LP, UP",Mukkam,,,,
1007,47333,HNCKM AUPS Karassery ,Aided,1 - 7,"LP, UP",Mukkam,,,,
1008,47334,St. Joseph`s UPS Pulloorampara ,Aided,1 - 7,"LP, UP",Mukkam,,,,
1009,47338,SKAUPS Kodiyathur ,Aided,1 - 7,"LP, UP",Mukkam,,,,
1010,47342,LFUPS Venappara ,Aided,1 - 7,"LP, UP",Mukkam,,,,
1011,47343,St. Mary`s UPS Anakkampoyil ,Aided,5 -7,UP,Mukkam,,,,
1012,47344,MAM UPS Vilakkamthode ,Aided,5 -7,UP,Mukkam,,,,
1013,47345,Azad Memorial UPS Kumaranallur ,Aided,5 -7,UP,Mukkam,,,,
1014,47346,LFUPS Pushpagiri ,Aided,5 -7,UP,Mukkam,,,,
1015,47347,AUPS Pannicode ,Aided,5 -7,UP,Mukkam,,,,
1016,47348,AUPS Thazhakode ,Aided,5 -7,UP,Mukkam,,,,
1017,47349,St. Thomas UPS Kallurutty ,Aided,5 -7,UP,Mukkam,,,,
1018,47353,Sanjoe Prathiksha BhavanSpecial School for mentallyChallenged ,Aided,1 -10,"LP, UP, HS",Mukkam,,,,
1019,42703,"SCHOOL OF QURAN AND SCIENCE,Mukkam ",Unaided Recognised,5 -7,UP,Mukkam,,,,
1020,42704,"Hill Top Public SchoolPazhamparamba, Cheruvadi,Mavoor  ",Unaided Recognised,1 -10,"LP, UP, HS",Mukkam,,,,
1021,47101,Infant Jesus EMHS Thiruvampady ,Unaided Recognised,1 -10,"LP, UP, HS",Mukkam,,,,
1022,47115,AL IRSHAD HIGH SCHOOL ,Unaided Recognised,5 - 10,"UP, HS",Mukkam,,,,
1023,47307,Al Irshad Primary SchoolKallurutty ,Unaided Recognised,1 - 4,LP,Mukkam,,,,
1024,47330,Salafi Primary SchoolKodiyathur ,Unaided Recognised,1 - 4,LP,Mukkam,,,,
1025,47352,Pratheeksha Special School ,Unaided Recognised,1 - 12,"LP, UP, HS, HSS",Mukkam,,,,
1026,47354,"Santhom E M School,Thottumukkom ",Unaided Recognised,1 - 7,"LP, UP",Mukkam,,,,
1027,47355,"Good Hope E.M. School, Mukkam ",Unaided Recognised,1 - 4,LP,Mukkam,,,,
1028,47356,"St.Mary's EMS, Maranchatty ",Unaided Recognised,1 - 4,LP,Mukkam,,,,
1029,47357,"Vivekananda, Muthalam ",Unaided Recognised,1 - 7,"LP, UP",Mukkam,,,,
1030,47358,"Infant Jesus English MediumSchool,Kakkadampoyil ",Unaided Recognised,1 - 4,LP,Mukkam,,,,
1031,47072,GVHSS THAMARASSERY ,Government,5 - 12,"UP, HS, HSS",Thamarassery,,,,
1032,47088,GOVT. H S S PUDUPPADI ,Government,8 - 12,"HS, HSS",Thamarassery,,,,
1033,47119,G M H S Raroth ,Government,1 -10,"LP, UP, HS",Thamarassery,,,,
1034,47407,GLPS KORANGAD ,Government,1 - 4,LP,Thamarassery,,,,
1035,47408,GLPS CHEMBRA ,Government,1 - 4,LP,Thamarassery,,,,
1036,47409,GLPS VETTIOZHINJATHOTTAM ,Government,1 - 4,LP,Thamarassery,,,,
1037,47427,GLPS MURAMPATHY ,Government,1 - 4,LP,Thamarassery,,,,
1038,47443,GMLPS MALAPURAM ,Government,1 - 4,LP,Thamarassery,,,,
1039,47458,GLPS CHAMAL ,Government,1 - 5,"LP, UP",Thamarassery,,,,
1040,47465,GMUPS KAITHAPOYIL ,Government,1 - 7,"LP, UP",Thamarassery,,,,
1041,47473,GUPS THAMARASSERY ,Government,1 - 7,"LP, UP",Thamarassery,,,,
1042,47474,GMUPS PALLIPPURAM ,Government,1 - 7,"LP, UP",Thamarassery,,,,
1043,47481,GUPS CHEMBUKADAVU ,Government,1 - 7,"LP, UP",Thamarassery,,,,
1044,47486,MGLC Nakilambadu ,Government,1 - 4,LP,Thamarassery,,,,
1045,47487,Mglc Kurumarukandy ,Government,1 - 4,LP,Thamarassery,,,,
1046,47495,MGLC KARUMBILODE ,Government,1 - 4,LP,Thamarassery,,,,
1047,47496,MGLC Parassery ,Government,1 - 4,LP,Thamarassery,,,,
1048,47497,MGLC Amarad ,Government,1 - 4,LP,Thamarassery,,,,
1049,47499,MGLC Manavayal ,Government,1 - 4,LP,Thamarassery,,,,
1050,17222,IHYA ULOOM M L P SCHOOLKannottippara  ,Aided,1 - 4,LP,Thamarassery,,,,
1051,47026,St.George's H.S.S Velamcode ,Aided,1 - 12,"LP, UP, HS, HSS",Thamarassery,,,,
1052,47071,HOLY FAMILY H S S KATTIPPARA ,Aided,8 - 12,"HS, HSS",Thamarassery,,,,
1053,47084,ST. ANTONY`S HS KANNOTH ,Aided,8 - 10,HS,Thamarassery,,,,
1054,47090,MGMHS EANGAPUZHA ,Aided,1 - 12,"LP, UP, HS, HSS",Thamarassery,,,,
1055,47106,ST. JOSEPH HSS KODENCHERY ,Aided,5 - 12,"UP, HS, HSS",Thamarassery,,,,
1056,47108,ST. JOHN`S HS NELLIPOIL ,Aided,8 - 10,HS,Thamarassery,,,,
1057,47401,ALPS AMBAYATHODE ,Aided,1 - 4,LP,Thamarassery,,,,
1058,47402,MMALPS KEDAVOOR ,Aided,1 - 4,LP,Thamarassery,,,,
1059,47403,NAZARATH LPS MOOTHOTTIKKAL ,Aided,1 - 4,LP,Thamarassery,,,,
1060,47404,AMLPS POONOOR ,Aided,1 - 4,LP,Thamarassery,,,,
1061,47405,ALPS VEZHUPUR ,Aided,1 - 4,LP,Thamarassery,,,,
1062,47406,ALPS PALLIPPURAM ,Aided,1 - 4,LP,Thamarassery,,,,
1063,47410,AMLPS EARPONA ,Aided,1 - 4,LP,Thamarassery,,,,
1064,47412,ST.GEORGE LPS THEYYAPPARA ,Aided,1 - 4,LP,Thamarassery,,,,
1065,47413,AMLPS NOORAMTHODE ,Aided,1 - 4,LP,Thamarassery,,,,
1066,47414,ST.THOMAS LPS NELLIPOYIL ,Aided,1 - 4,LP,Thamarassery,,,,
1067,47415,ST.JOSEPH LPS KOODATHAI ,Aided,1 - 4,LP,Thamarassery,,,,
1068,47416,ST.JOSEPH LPS KODENCHERY ,Aided,1 - 4,LP,Thamarassery,,,,
1069,47441,ALPS ADIVARAM ,Aided,1 - 4,LP,Thamarassery,,,,
1070,47442,AKTM ALPS MANALVAYAL ,Aided,1 - 4,LP,Thamarassery,,,,
1071,47469,AMUPS ANDONA ,Aided,1 - 7,"LP, UP",Thamarassery,,,,
1072,47470,SSMUPS V.O THOTTAM ,Aided,5 -7,UP,Thamarassery,,,,
1073,47471,NIRMALA U P S CHAMAL ,Aided,5 -7,UP,Thamarassery,,,,
1074,47472,NAZRATH UPS KATTIPPARA ,Aided,5 -7,UP,Thamarassery,,,,
1075,47479,VIMALA UPS MANJUVAYAL ,Aided,5 -7,UP,Thamarassery,,,,
1076,47480,ST.THOMAS UPS THEYYAPPARA ,Aided,5 -7,UP,Thamarassery,,,,
1077,47482,ST. JOSEPH UPS MYLELALLAMPARA ,Aided,5 -7,UP,Thamarassery,,,,
1078,47485,ST.ANTONYS UPS KANNOTH ,Aided,1 - 7,"LP, UP",Thamarassery,,,,
1079,47003,"Chavara English Medium SchoolThamarassery, Kozhikode ",Unaided Recognised,1 - 5,"LP, UP",Thamarassery,,,,
1080,47004,ALPHONSA NURSERY And L PSCHOOL ,Unaided Recognised,1 - 4,LP,Thamarassery,,,,
1081,47104,N I R H S PARAPPANPOYIL ,Unaided Recognised,5 - 10,"UP, HS",Thamarassery,,,,
1082,47400,Pipo Buono English MediumSchool  ,Unaided Recognised,1 - 7,"LP, UP",Thamarassery,,,,
1083,47906,MAR BASELIOS ENGLISH MEDIUMSCHOOL ENGAPUZHA ,Unaided Recognised,1 -10,"LP, UP, HS",Thamarassery,,,,
1084,47021,G H S S NADUVANNUR ,Government,1 - 12,"LP, UP, HS, HSS",Perambra,,,,
1085,47027,N N Kakkad Smaraka G H S SAVIDANALLUR ,Government,1 - 12,"LP, UP, HS, HSS",Perambra,,,,
1086,47117,G.H.S Perambra Plantation ,Government,1 -10,"LP, UP, HS",Perambra,,,,
1087,47118,G.H.S Vengappatta ,Government,1 -10,"LP, UP, HS",Perambra,,,,
1088,47605,GWLPS PERAMBRA ,Government,1 - 4,LP,Perambra,,,,
1089,47610,NADUVANNUR GMLPS ,Government,1 - 4,LP,Perambra,,,,
1090,47613,COLLECTIVE FARM GLPS MUTHUKAD ,Government,1 - 4,LP,Perambra,,,,
1091,47614,PILLAPERUVANNA GLPS ,Government,1 - 4,LP,Perambra,,,,
1092,47616,RAMALLUR GLPS ,Government,1 - 4,LP,Perambra,,,,
1093,47617,CHERUVALOOR GLPS ,Government,1 - 4,LP,Perambra,,,,
1094,47618,PUTTAD GLPS ,Government,1 - 4,LP,Perambra,,,,
1095,47625,KALLODE GLPS ,Government,1 - 4,LP,Perambra,,,,
1096,47626,PAITHOTH GLPS ,Government,1 - 4,LP,Perambra,,,,
1097,47628,MUTHUVANNACHA GLPS ,Government,1 - 4,LP,Perambra,,,,
1098,47629,GLPS KOONIYODE ,Government,1 - 4,LP,Perambra,,,,
1099,47630,NEEROTH GLPS ,Government,1 - 4,LP,Perambra,,,,
1100,47631,PERAVACHERY GLPS ,Government,1 - 4,LP,Perambra,,,,
1101,47632,VAKAYAD GLPS ,Government,1 - 4,LP,Perambra,,,,
1102,47640,"KHEP GLPS, KAKKAYAM ",Government,1 - 4,LP,Perambra,,,,
1103,47643,KAVUMTHARA GWLPS ,Government,1 - 4,LP,Perambra,,,,
1104,47650,KARUVANNUR GUPS ,Government,1 - 7,"LP, UP",Perambra,,,,
1105,47651,GUPS THRIKUTTISSERY ,Government,1 - 7,"LP, UP",Perambra,,,,
1106,47657,KAYANNA GUPS ,Government,1 - 7,"LP, UP",Perambra,,,,
1107,47661,Govt U.P.S VENGAPATTA ,Government,1 - 7,"LP, UP",Perambra,,,,
1108,47663,VALOOR GUPS ,Government,1 - 7,"LP, UP",Perambra,,,,
1109,47666,GUPS PERAMBRA PLANTATION ,Government,1 - 7,"LP, UP",Perambra,,,,
1110,47670,GUPS SCHOOL PERAMBRA ,Government,1 - 7,"LP, UP",Perambra,,,,
1111,47017,ST MARY`S HS KALLANODE ,Aided,5 - 12,"UP, HS, HSS",Perambra,,,,
1112,47018,ST. GEORGE'S HSS KULATHUVAYAL ,Aided,5 - 12,"UP, HS, HSS",Perambra,,,,
1113,47020,"NADUVANNUR H SS,VAKAYAD,KOZHIKKODE ",Aided,8 - 12,"HS, HSS",Perambra,,,,
1114,47030,KOOTHALI VHSS ,Aided,8 - 12,"HS, HSS",Perambra,,,,
1115,47031,PERAMBRA HSS ,Aided,5 - 12,"UP, HS, HSS",Perambra,,,,
1116,47037,ST THOMAS H S KOORACHUNDU ,Aided,8 - 12,"HS, HSS",Perambra,,,,
1117,47075,ST. JOSEPH'S HS CHEMPANODA ,Aided,8 - 10,HS,Perambra,,,,
1118,47110,NOCHAD H S S ,Aided,8 - 12,"HS, HSS",Perambra,,,,
1119,47601,ERAVATTOOR AMLPS ,Aided,1 - 4,LP,Perambra,,,,
1120,47602,GNANODAYAM ALPS ,Aided,1 - 4,LP,Perambra,,,,
1121,47603,EDAVARAD AMLPS ,Aided,1 - 4,LP,Perambra,,,,
1122,47604,KALLODE ALPS ,Aided,1 - 4,LP,Perambra,,,,
1123,47606,KIZHINHANIAM ALPS ,Aided,1 - 4,LP,Perambra,,,,
1124,47607,MARUTHERI AMLPS ,Aided,1 - 4,LP,Perambra,,,,
1125,47608,NIM LPS PERAMBRA ,Aided,1 - 4,LP,Perambra,,,,
1126,47611,ST.GEORGE'S LPS KULATHUVAYAL ,Aided,1 - 4,LP,Perambra,,,,
1127,47612,PUSHPA LPS NARINADA ,Aided,1 - 4,LP,Perambra,,,,
1128,47615,KALPATHUR ALPS ,Aided,1 - 4,LP,Perambra,,,,
1129,47619,KANNAMBATH ALPS ,Aided,1 - 4,LP,Perambra,,,,
1130,47620,ALPS CHENOLI ,Aided,1 - 4,LP,Perambra,,,,
1131,47621,AMLPS NOCHAD ,Aided,1 - 4,LP,Perambra,,,,
1132,47622,ALPS NOCHAD ,Aided,1 - 4,LP,Perambra,,,,
1133,47623,PERAMBRA EAST AMLPS ,Aided,1 - 4,LP,Perambra,,,,
1134,47624,KALLOOR KOOTHALI AMLPS ,Aided,1 - 4,LP,Perambra,,,,
1135,47627,KV ALPS CHERUKKAD ,Aided,1 - 4,LP,Perambra,,,,
1136,47633,KAVIL AMLPS  ,Aided,1 - 4,LP,Perambra,,,,
1137,47634,AVITANALLUR ALPS ,Aided,1 - 4,LP,Perambra,,,,
1138,47635,PALOLI AMLPS ,Aided,1 - 4,LP,Perambra,,,,
1139,47636,POONATH MCLPS ,Aided,1 - 4,LP,Perambra,,,,
1140,47637,THIRUVODE ALPS ,Aided,1 - 4,LP,Perambra,,,,
1141,47638,AMLPS CHENOLI ,Aided,1 - 4,LP,Perambra,,,,
1142,47639,ST MARY'S LPS KALLANODE ,Aided,1 - 4,LP,Perambra,,,,
1143,47641,ELANKAMAL AMLPS ,Aided,1 - 4,LP,Perambra,,,,
1144,47642,MANNANKAV ALPS ,Aided,1 - 4,LP,Perambra,,,,
1145,47644,MOOLAD AMLPS ,Aided,1 - 4,LP,Perambra,,,,
1146,47645,MOOLAD HINDU ALPS ,Aided,1 - 5,"LP, UP",Perambra,,,,
1147,47646,ST.ANTONY'S LPS CHAKKITTAPARA ,Aided,1 - 5,"LP, UP",Perambra,,,,
1148,47647,AUPS KAVUMTHARA ,Aided,1 - 7,"LP, UP",Perambra,,,,
1149,47648,ST THOMAS UPS KOORACHUNDU ,Aided,1 - 7,"LP, UP",Perambra,,,,
1150,47649,NADUVANNUR SOUTH AMUPS ,Aided,1 - 7,"LP, UP",Perambra,,,,
1151,47652,NIRMALA UPS KATTULLAMALA ,Aided,1 - 7,"LP, UP",Perambra,,,,
1152,47653,KOTTUR AUPS ,Aided,1 - 7,"LP, UP",Perambra,,,,
1153,47654,NARAYAMKULAM AUPS ,Aided,1 - 7,"LP, UP",Perambra,,,,
1154,47655,VAKAYAD AUPS ,Aided,1 - 7,"LP, UP",Perambra,,,,
1155,47656,POONATH NELLISSERY AUPS ,Aided,1 - 7,"LP, UP",Perambra,,,,
1156,47658,MATTANODE AUPS ,Aided,1 - 7,"LP, UP",Perambra,,,,
1157,47659,PERAMBRA WEST AUPS ,Aided,1 - 7,"LP, UP",Perambra,,,,
1158,47660,KOOTHALI AUPS ,Aided,1 - 7,"LP, UP",Perambra,,,,
1159,47662,AUPS VELLIYOOR ,Aided,1 - 7,"LP, UP",Perambra,,,,
1160,47664,VALIACODE AUPS ,Aided,1 - 7,"LP, UP",Perambra,,,,
1161,47665,KALPATHUR AUPS ,Aided,1 - 7,"LP, UP",Perambra,,,,
1162,47667,ST. JOSEPH'S AUPS CHEMPANODA ,Aided,1 - 7,"LP, UP",Perambra,,,,
1163,47668,FATHIMA AUPS PERUVANNAMUZHI ,Aided,1 - 7,"LP, UP",Perambra,,,,
1164,47669,ICUPS POOZHITHODE ,Aided,1 - 7,"LP, UP",Perambra,,,,
1165,47671,NARAYANAVILASAM AUPS ERAVATTUR ,Aided,1 - 7,"LP, UP",Perambra,,,,
1166,47672,BRINDAVANAM AUPS MENHANNIAM ,Aided,1 - 7,"LP, UP",Perambra,,,,
1167,47673,AUPS PERAMBRA ,Aided,1 - 7,"LP, UP",Perambra,,,,
1168,47120,St. FRANCIS English MediumHigh School Perambra ,Unaided Recognised,1 -10,"LP, UP, HS",Perambra,,,,
1169,47124,BUDS SCHOOL PERAMBRA ,Unaided Recognised,5 - 10,"UP, HS",Perambra,,,,
1170,47064,GHSS KODUVALLY ,Government,5 - 12,"UP, HS, HSS",Koduvally,,,,
1171,47094,GOVT. H S S NARIKUNNI ,Government,8 - 12,"HS, HSS",Koduvally,,,,
1172,47096,GHSS PANNUR ,Government,1 - 12,"LP, UP, HS, HSS",Koduvally,,,,
1173,47103,G H S S KARUVANPOYIL ,Government,8 - 12,"HS, HSS",Koduvally,,,,
1174,47411,GMLPS KEDAYATHUR ,Government,1 - 4,LP,Koduvally,,,,
1175,47422,GLPS NEDIYANAD ,Government,1 - 4,LP,Koduvally,,,,
1176,47423,GLPS PANNIKOOTTUR ,Government,1 - 4,LP,Koduvally,,,,
1177,47424,GMLPS NEDIYANAD ,Government,1 - 4,LP,Koduvally,,,,
1178,47425,GMLPS PARANNUR ,Government,1 - 4,LP,Koduvally,,,,
1179,47426,GLPS NEDIYANAD WEST ,Government,1 - 4,LP,Koduvally,,,,
1180,47437,GMLPS KALARANTHIRI ,Government,1 - 4,LP,Koduvally,,,,
1181,47438,GMLPS VAVAD ,Government,1 - 4,LP,Koduvally,,,,
1182,47439,GMLPS THALAPERUMANNA ,Government,1 - 4,LP,Koduvally,,,,
1183,47440,GMLPS KODUVALLY ,Government,1 - 4,LP,Koduvally,,,,
1184,47450,GLPS PAYAMBALASSERY. ,Government,1 - 4,LP,Koduvally,,,,
1185,47453,GLPS KOODATHAI ,Government,1 - 4,LP,Koduvally,,,,
1186,47454,GMLP AND UP SCHOOL VELIMANNA ,Government,1 - 7,"LP, UP",Koduvally,,,,
1187,47461,GMUPS ELETTIL ,Government,1 - 7,"LP, UP",Koduvally,,,,
1188,47463,GMUPS KARUVAMPOIL ,Government,1 - 7,"LP, UP",Koduvally,,,,
1189,47464,GMUPS VENNAKKAD ,Government,1 - 7,"LP, UP",Koduvally,,,,
1190,47483,GMUPS ARAMBRAM ,Government,1 - 7,"LP, UP",Koduvally,,,,
1191,47484,GUPS PUTHUR ,Government,1 - 7,"LP, UP",Koduvally,,,,
1192,47488,MGLC WEST VENNAKKODE ,Government,1 - 4,LP,Koduvally,,,,
1193,47070,"St. Mary's Higher SecondarySchool, Koodathai ",Aided,1 - 12,"LP, UP, HS, HSS",Koduvally,,,,
1194,47095,CHAKKALAKKAL HS MADAVOOR ,Aided,8 - 12,"HS, HSS",Koduvally,,,,
1195,47099,M J H S S ELETTIL ,Aided,8 - 12,"HS, HSS",Koduvally,,,,
1196,47417,AMLPS NEDIYANAD SOUTH ,Aided,1 - 4,LP,Koduvally,,,,
1197,47418,ALPS KUNDAYI ,Aided,1 - 4,LP,Koduvally,,,,
1198,47419,AMLPS PALANGAD ,Aided,1 - 4,LP,Koduvally,,,,
1199,47420,AMLPS PARANNUR WEST ,Aided,1 - 4,LP,Koduvally,,,,
1200,47421,JANAKEEYA ALPS KOTOLY ,Aided,1 - 4,LP,Koduvally,,,,
1201,47428,AMLPS ELETTIL EAST ,Aided,1 - 4,LP,Koduvally,,,,
1202,47429,AMLPS ELETTIL NORTH ,Aided,1 - 4,LP,Koduvally,,,,
1203,47430,A.M.M.A.L.P SCHOOL KIZHAKKOTH ,Aided,1 - 4,LP,Koduvally,,,,
1204,47431,AMLPS KIZHAKKOTH NEW ,Aided,1 - 5,"LP, UP",Koduvally,,,,
1205,47432,Vadi Husna A.L.P.SOzhalakkunnu ,Aided,1 - 4,LP,Koduvally,,,,
1206,47433,AMLPS PANNUR EAST ,Aided,1 - 4,LP,Koduvally,,,,
1207,47434,AMLPS PANNUR WEST ,Aided,1 - 4,LP,Koduvally,,,,
1208,47435,AMLPS PALAKKUTTY ,Aided,1 - 4,LP,Koduvally,,,,
1209,47436,AMLPS PARAMBATHKAVU ,Aided,1 - 4,LP,Koduvally,,,,
1210,47444,AMLPS PAYAMBALASSERY ,Aided,1 - 4,LP,Koduvally,,,,
1211,47445,A L P S PULLALOOR NORTH ,Aided,1 - 4,LP,Koduvally,,,,
1212,47446,AMLPS ERAVANNUR ,Aided,1 - 4,LP,Koduvally,,,,
1213,47447,AKM ALPS KOTTAKKAVAYAL ,Aided,1 - 4,LP,Koduvally,,,,
1214,47448,ALPS MUTTANCHERY ,Aided,1 - 4,LP,Koduvally,,,,
1215,47449,AMLPS MADAVOOR NORTH ,Aided,1 - 4,LP,Koduvally,,,,
1216,47451,AZAD MEMORIAL LPS KOODATHAI ,Aided,1 - 4,LP,Koduvally,,,,
1217,47452,VP ALPS OMASSERY ,Aided,1 - 4,LP,Koduvally,,,,
1218,47455,ALPS PULLALOOR ,Aided,1 - 4,LP,Koduvally,,,,
1219,47459,M M A U P S AVILORA ,Aided,1 - 7,"LP, UP",Koduvally,,,,
1220,47460,AMUPS VALIYAPARAMBA ,Aided,1 - 7,"LP, UP",Koduvally,,,,
1221,47462,AUPS MANIPURAM ,Aided,1 - 7,"LP, UP",Koduvally,,,,
1222,47466,AUPS MADAVOOR ,Aided,1 - 7,"LP, UP",Koduvally,,,,
1223,47467,AUPS ERAVANNUR ,Aided,1 - 7,"LP, UP",Koduvally,,,,
1224,47468,HAZANIYA AUPS MUTTANCHERY ,Aided,1 - 7,"LP, UP",Koduvally,,,,
1225,47476,AUPS PUNNASSERY ,Aided,1 - 7,"LP, UP",Koduvally,,,,
1226,47477,AUPS NARIKKUNI ,Aided,1 - 7,"LP, UP",Koduvally,,,,
1227,47478,AUPS NEDIYANAD ,Aided,5 -7,UP,Koduvally,,,,
1228,47065,KMO H S S KODUVALLY ,Unaided Recognised,1 - 12,"LP, UP, HS, HSS",Koduvally,,,,
1229,47105,CM CENTRE HS MADAVOOR ,Unaided Recognised,8 - 10,HS,Koduvally,,,,
1230,47113,Vadihuda HS Omassery ,Unaided Recognised,5 - 10,"UP, HS",Koduvally,,,,
1231,47123,"ANSAR English Medium School,Karuvanpoyil ",Unaided Recognised,1 -10,"LP, UP, HS",Koduvally,,,,
1232,47456,SIRAJUL HUDA LPS KODUVALLY ,Unaided Recognised,1 - 4,LP,Koduvally,,,,
1233,47457,SHAMSUL HUDA LPSKAREETIPARAMBA ,Unaided Recognised,1 - 4,LP,Koduvally,,,,
1234,47023,GHSS SIVAPURAM ,Government,1 - 12,"LP, UP, HS, HSS",Balussery,,,,
1235,47028,G G H S S BALUSSERY ,Government,5 - 12,"UP, HS, HSS",Balussery,,,,
1236,47029,GHSS POONOOR ,Government,8 - 12,"HS, HSS",Balussery,,,,
1237,47050,GHSS KOKKALLUR ,Government,1 - 12,"LP, UP, HS, HSS",Balussery,,,,
1238,47058,Swami Guruvarananda MemorialGovt. HSS Kolathur ,Government,8 - 12,"HS, HSS",Balussery,,,,
1239,47107,G V H S S BALUSSERY ,Government,5 - 12,"UP, HS, HSS",Balussery,,,,
1240,47501,GLPS BALUSSERY ,Government,1 - 4,LP,Balussery,,,,
1241,47502,GLPS MANNAMPOYIL ,Government,1 - 4,LP,Balussery,,,,
1242,47503,GLPS PANAYI ,Government,1 - 4,LP,Balussery,,,,
1243,47509,GLPS ERAMANGALAM ,Government,1 - 4,LP,Balussery,,,,
1244,47525,GLPS KINALUR EAST ,Government,1 - 4,LP,Balussery,,,,
1245,47526,GLPS KANTHAPURAM ,Government,1 - 4,LP,Balussery,,,,
1246,47527,GMLPS KANTHAPURAM ,Government,1 - 4,LP,Balussery,,,,
1247,47528,GLPS MADATHUMPOYIL ,Government,1 - 4,LP,Balussery,,,,
1248,47529,GLPS PALLIYOTH ,Government,1 - 4,LP,Balussery,,,,
1249,47530,GLPS POONOOR ,Government,1 - 4,LP,Balussery,,,,
1250,47531,GMLPS POONOOR ,Government,1 - 4,LP,Balussery,,,,
1251,47532,GMLPS UNNIKULAM ,Government,1 - 4,LP,Balussery,,,,
1252,47536,GLPS MUNDOTH ,Government,1 - 4,LP,Balussery,,,,
1253,47537,GLPS ORAVIL ,Government,1 - 4,LP,Balussery,,,,
1254,47538,GLPS ULLIYERI ,Government,1 - 4,LP,Balussery,,,,
1255,47552,GUPS UNNIKULAM ,Government,1 - 7,"LP, UP",Balussery,,,,
1256,47553,GUPS KINALUR ,Government,1 - 7,"LP, UP",Balussery,,,,
1257,47571,GMUPS POONOOR ,Government,5 -7,UP,Balussery,,,,
1258,47022,NANMINDA HSS NANMINDA ,Aided,5 - 12,"UP, HS, HSS",Balussery,,,,
1259,47024,KUTTAMBOOR H S ,Aided,8 - 12,"HS, HSS",Balussery,,,,
1260,47025,PAVANDOOR H S S ,Aided,8 - 12,"HS, HSS",Balussery,,,,
1261,47049,PALORA HSS ULLIYERI ,Aided,8 - 12,"HS, HSS",Balussery,,,,
1262,47111,AMHS POOVAMBAYI ,Aided,1 - 12,"LP, UP, HS, HSS",Balussery,,,,
1263,47504,KCALPS ERAMANGALAM ,Aided,1 - 4,LP,Balussery,,,,
1264,47505,ALPS KANHIKAVE ,Aided,1 - 4,LP,Balussery,,,,
1265,47506,ALPS KOONANCHERY ,Aided,1 - 4,LP,Balussery,,,,
1266,47507,AMLPS PUTHURVATTAM ,Aided,1 - 4,LP,Balussery,,,,
1267,47508,ALPS THURUTHIAD ,Aided,1 - 4,LP,Balussery,,,,
1268,47510,ALPS INTHAD ,Aided,1 - 4,LP,Balussery,,,,
1269,47511,ALPS KAKKUR ,Aided,1 - 4,LP,Balussery,,,,
1270,47512,AMLPS NADUVALLUR ,Aided,1 - 4,LP,Balussery,,,,
1271,47513,IPC AMLPS P.C.PALAM ,Aided,1 - 4,LP,Balussery,,,,
1272,47514,AMLPS PUNNASSERY SOUTH ,Aided,1 - 4,LP,Balussery,,,,
1273,47515,ALPS BALABODHINI ,Aided,1 - 4,LP,Balussery,,,,
1274,47516,AMLPS CHEEKKILODE ,Aided,1 - 4,LP,Balussery,,,,
1275,47517,ALPS GNANAPRADAYANI ,Aided,1 - 4,LP,Balussery,,,,
1276,47518,AMLPS NANMINDA ,Aided,1 - 4,LP,Balussery,,,,
1277,47519,ALPS NANMINDA NATIONAL ,Aided,1 - 4,LP,Balussery,,,,
1278,47520,PCALPS NANMINDA ,Aided,1 - 4,LP,Balussery,,,,
1279,47521,ALPS LOHIA MEMORIAL NIRMALLUR ,Aided,1 - 4,LP,Balussery,,,,
1280,47522,AMLPS PANANGAD WEST ,Aided,1 - 4,LP,Balussery,,,,
1281,47523,ALPS THALAYAD ,Aided,1 - 4,LP,Balussery,,,,
1282,47524,ALPS VAYALADA ,Aided,1 - 4,LP,Balussery,,,,
1283,47533,AMLPS KANTHAPURAM EAST ,Aided,1 - 4,LP,Balussery,,,,
1284,47534,AMLPS KARIMALA ,Aided,1 - 4,LP,Balussery,,,,
1285,47535,AMLPS VALLIYOTH ,Aided,1 - 4,LP,Balussery,,,,
1286,47539,AMLPS ULLIYERI ,Aided,1 - 4,LP,Balussery,,,,
1287,47540,AMLPS BALUSSERY ,Aided,1 - 5,"LP, UP",Balussery,,,,
1288,47541,ALPS PUTHURVATTOM NEW ,Aided,1 - 5,"LP, UP",Balussery,,,,
1289,47542,ALPS RAMALLUR ,Aided,1 - 5,"LP, UP",Balussery,,,,
1290,47543,ALPS NANMINDA WEST ,Aided,1 - 5,"LP, UP",Balussery,,,,
1291,47544,ALPS NIRMALLUR EAST ,Aided,1 - 5,"LP, UP",Balussery,,,,
1292,47545,ALPS SIVAPURAM NEW ,Aided,1 - 5,"LP, UP",Balussery,,,,
1293,47546,NMMAUPS NARATH ,Aided,1 - 7,"LP, UP",Balussery,,,,
1294,47547,ASVUPS EDAKKARA ,Aided,1 - 7,"LP, UP",Balussery,,,,
1295,47548,CCUPS IYYAD ,Aided,1 - 7,"LP, UP",Balussery,,,,
1296,47549,MIUPS IYYAD ,Aided,1 - 7,"LP, UP",Balussery,,,,
1297,47550,AUPS MANGAD ,Aided,1 - 7,"LP, UP",Balussery,,,,
1298,47551,S M M A U P S SIVAPURAM ,Aided,1 - 7,"LP, UP",Balussery,,,,
1299,47554,AUPS DESASEVA KURUMPOYIL ,Aided,1 - 7,"LP, UP",Balussery,,,,
1300,47555,AUPS MUNDAKKARA ,Aided,1 - 7,"LP, UP",Balussery,,,,
1301,47556,AUPS PANANGAD NORTH ,Aided,1 - 7,"LP, UP",Balussery,,,,
1302,47557,AUPS PANANGAD SOUTH ,Aided,1 - 7,"LP, UP",Balussery,,,,
1303,47558,AUPS CHEEKKILODE ,Aided,1 - 7,"LP, UP",Balussery,,,,
1304,47559,AUPS KARUNARAM ,Aided,1 - 7,"LP, UP",Balussery,,,,
1305,47560,AUPS KOLATHUR ,Aided,1 - 7,"LP, UP",Balussery,,,,
1306,47561,A U P S NANMINDA ,Aided,1 - 7,"LP, UP",Balussery,,,,
1307,47562,AUPS NANMINDA EAST ,Aided,1 - 7,"LP, UP",Balussery,,,,
1308,47563,AUPS NANMINDA EZHUKULAM ,Aided,1 - 7,"LP, UP",Balussery,,,,
1309,47564,AUPS NADUVALLUR ,Aided,1 - 7,"LP, UP",Balussery,,,,
1310,47565,AUPS PC PALAM ,Aided,1 - 7,"LP, UP",Balussery,,,,
1311,47566,AMUPS PUNNASSERY ,Aided,1 - 7,"LP, UP",Balussery,,,,
1312,47567,AUPS PUNNASSERY WEST ,Aided,1 - 7,"LP, UP",Balussery,,,,
1313,47568,AUPS BALUSSERY ,Aided,1 - 7,"LP, UP",Balussery,,,,
1314,47569,AUPS ERAMANGALAM ,Aided,5 -7,UP,Balussery,,,,
1315,47570,AUPS ULLIYERI ,Aided,5 -7,UP,Balussery,,,,
1316,47572,PTMUPS PALLIYOTH ,Aided,5 -7,UP,Balussery,,,,
1317,47083,"Saraswathy Vidyamandir EnglishMedium High School, Nanminda -14 ",Unaided Recognised,1 -10,"LP, UP, HS",Balussery,,,,
1318,47114,DARURRAHMA HIGH SCHOOL THALAYAD ,Unaided Recognised,1 -10,"LP, UP, HS",Balussery,,,,
1319,47573,JAI RANI EMLPS BALUSSERY ,Unaided Recognised,1 - 4,LP,Balussery,,,,
1320,47576,"INDUS ENGLISH SCHOOL, Karumala ",Unaided Recognised,1-8,,Balussery,,,,
1321,47577,Green Valley Public School ,Unaided Recognised,1 - 4,LP,Balussery,,,,
